نام گروه,حجم,ارزش,ارزش خرید حقیقی,ارزش فروش حقیقی,ارزش سفارش های خرید,ارزش سفارش های فروش,برآیند سفارش ها,بازدهی گروه (هموزن),سرانه خرید,سرانه فروش,قدرت خرید,درصد خرید حقیقی,درصد فروش حقیقی,ورود پول,درصد ارزش از معاملات خرد سهام,شاخص سهم از معاملات,ارزش به میانگین ۵ روزه,ارزش به میانگین ۲۰ روزه,ارزش معاملات ۵ روزه,ارزش معاملات ۲۰ روزه,سرانه خرید ۵ روزه,سرانه خرید ۲۰ روزه,سرانه فروش ۵ روزه,سرانه فروش ۲۰ روزه,قدرت خرید ۵ روزه,قدرت خرید ۲۰ روزه,ورود پول ۵ روزه,ورود پول ۲۰ روزه,تعداد نماد,اسم صنعت,تاریخ,نام گروه(تعداد نمادها),حجم(میلیون سهم),ارزش(میلیارد تومان),ارزش خرید حقیقی(میلیارد تومان),ارزش فروش حقیقی(میلیارد تومان),ارزش سفارش های خرید(میلیارد تومان),ارزش سفارش های فروش(میلیارد تومان),برآیند سفارش ها(میلیارد تومان),سرانه خرید (میلیون تومان),سرانه فروش (میلیون تومان),ورود پول(میلیارد تومان),ارزش معاملات ۵ روزه(میلیارد تومان),ارزش معاملات ۲۰ روزه(میلیارد تومان),سرانه خرید ۵ روزه(میلیون تومان),سرانه خرید ۲۰ روزه(میلیون تومان),سرانه فروش ۵ روزه(میلیون تومان),سرانه فروش ۲۰ روزه(میلیون تومان),ورود پول ۵ روزه(میلیارد تومان),ورود پول ۲۰ روزه(میلیارد تومان),امتیاز جریان سفارش
بانکها,12400000000.0,2105300000000.0002,1564400000000.0,965700000000.0,1493600000000.0,5900000000.0,1487700000000.0,2.51,221700000.0,95900000.0,2.31,74.31,45.87,598600000000.0,6.7,60.0,-15.69,-26.11,2497200000000.0,2849300000000.0,137300000.0,138500000.0,114800000.0,131500000.0,1.2,1.05,267000000000.0,224000000000.0,,بانکها,2026-08-29,,,,,,,,,,,,,,,,,,,,89.2
فلزات اساسی,6600000000.0,3021700000000.0,1979900000000.0,1924800000000.0,1632900000000.0,32600000000.0,1600400000000.0,2.03,105200000.0,64000000.0,1.64,77.33,75.18,77400000000.0,9.6,79.0,-11.99,-5.32,3433500000000.0,3191500000000.0,82000000.0,81600000.0,67400000.0,74600000.0,1.22,1.09,370300000000.0,439200000000.0,,فلزات اساسی,2026-08-29,,,,,,,,,,,,,,,,,,,,86.2
محصولات شیمیایی,2700000000.0,2612800000000.0,1796200000000.0,1451300000000.0,488400000000.0,42700000000.0,445700000000.0,1.82,86400000.0,60900000.0,1.42,73.43,59.33,371900000000.0,8.3,91.0,7.63,12.88,2427600000000.0,2314700000000.0,84300000.0,75300000.0,56300000.0,66000000.0,1.5,1.14,237400000000.0,134199999999.99998,,محصولات شیمیایی,2026-08-29,,,,,,,,,,,,,,,,,,,,84.8
فلزات اساسی,6300000000.0,2150800000000.0002,1531000000000.0,1121500000000.0,3028800000000.0,38500000000.0,2990200000000.0,2.06,81400000.0,71200000.0,1.14,73.1,53.54,434300000000.0,11.3,99.0,-42.41,-22.92,3734600000000.0,2790200000000.0,72500000.0,78100000.0,77700000.0,75600000.0,-1.07,1.03,266000000000.0,383500000000.0,,فلزات اساسی,2026-08-25,,,,,,,,,,,,,,,,,,,,82.6
محصولات شیمیایی,1700000000.0,1686100000000.0,1256100000000.0,1046700000000.0,744100000000.0,113700000000.0,630500000000.0,2.27,88700000.0,65400000.00000001,1.36,74.57,62.14,209400000000.0,8.9,95.0,-32.87,-26.19,2511800000000.0,2284500000000.0,71500000.0,75300000.0,62700000.0,71100000.0,1.14,1.06,57400000000.0,174300000000.0,,محصولات شیمیایی,2026-08-25,,,,,,,,,,,,,,,,,,,,80.8
محصولات غذایی,1800000000.0,1296500000000.0,1066500000000.0,893400000000.0,196600000000.0,26700000000.0,169900000000.0,1.62,63900000.0,45100000.0,1.42,85.08,71.27,169100000000.0,4.1,96.0,21.53,17.38,1066800000000.0,1104500000000.0,60700000.0,58500000.0,43500000.0,38900000.0,1.39,1.5,101700000000.0,8600000000.0,,محصولات غذایی,2026-08-29,,,,,,,,,,,,,,,,,,,,80.3
حمل ونقل و انبارداری,770500000.0,432100000000.0,373700000000.0,260200000000.0,68599999999.99999,8199999999.999999,60400000000.0,2.15,125100000.0,73400000.0,1.7,86.48,60.22,113500000000.0,1.4,126.0,21.09,50.69,356900000000.0,286800000000.0,103600000.0,80300000.0,75800000.0,75700000.0,1.37,1.06,81100000000.0,21000000000.0,,حمل ونقل و انبارداری,2026-08-29,,,,,,,,,,,,,,,,,,,,80.2
سرمایه گذاریها,2400000000.0,1421600000000.0,958700000000.0,922800000000.0,421800000000.0,31400000000.0,390400000000.0,1.63,95700000.0,61900000.0,1.54,76.84,73.97,36400000000.0,4.5,118.0,3.04,40.23,1379700000000.0,1013800000000.0,89800000.0,85800000.0,41300000.0,40700000.0,2.17,2.11,37200000000.0,62600000000.0,,سرمایه گذاریها,2026-08-29,,,,,,,,,,,,,,,,,,,,78.8
استخراج کانه های فلزی,5300000000.0,1989700000000.0,1435600000000.0,1388300000000.0,321100000000.0,1400000000.0,319700000000.0,3.82,125500000.0,128000000.0,-1.02,72.15,69.77,47300000000.0,6.3,89.0,10.17,7.07,1806000000000.0,1858200000000.0,102900000.0,90900000.0,111600000.0,114700000.0,-1.08,-1.26,199200000000.0,222000000000.0,,استخراج کانه های فلزی,2026-08-29,,,,,,,,,,,,,,,,,,,,77.6
مخابرات,1400000000.0,171200000000.0,164200000000.0,120400000000.0,253700000000.0,212600000.0,253500000000.0,2.92,214000000.0,130900000.0,1.64,95.89,70.32,43800000000.0,0.9,116.0,-36.69,-9.69,270399999999.99997,189600000000.0,175500000.0,182700000.0,160000000.0,134199999.99999999,1.1,1.36,22900000000.0,43800000000.0,,مخابرات,2026-08-25,,,,,,,,,,,,,,,,,,,,77.2
فلزات اساسی,6700000000.0,2842700000000.0,2158400000000.0,1987400000000.0,1189300000000.0,43200000000.0,1146100000000.0,0.62,58700000.0,80100000.0,-1.36,79.96,73.63,202400000000.0,8.8,78.0,-23.88,1.88,3734600000000.0,2790200000000.0,72500000.0,78100000.0,77700000.0,75600000.0,-1.07,1.03,266000000000.0,383500000000.0,,فلزات اساسی,2026-08-24,,,,,,,,,,,,,,,,,,,,76.4
صندوق های سهامی,1900000000.0,9377200000000.0,7057400000000.0,7012000000000.0,778100000000.0,138600000000.0,639500000000.0,1.77,139800000.0,176600000.0,-1.26,75.26,74.78,45400000000.0,29.9,89.0,1.86,10.89,9206100000000.0,8456200000000.001,146200000.0,138700000.0,189400000.0,197800000.0,-1.3,-1.43,174600000000.0,61800000000.0,,صندوق های سهامی,2026-08-29,,,,,,,,,,,,,,,,,,,,74.7
ماشین آلات و تجهیزات,539700000.0,189400000000.0,181200000000.0,105100000000.0,289600000000.0,7000000000.0,282600000000.0,1.12,72200000.0,66900000.00000001,1.08,95.86,55.63,76000000000.0,1.0,156.0,-9.03,20.68,208200000000.0,157000000000.0,68000000.0,71700000.0,70300000.0,73600000.0,-1.03,-1.03,21800000000.0,14800000000.0,,ماشین آلات و تجهیزات,2026-08-25,,,,,,,,,,,,,,,,,,,,74.2
حمل ونقل و انبارداری,492700000.0,247100000000.0,203000000000.0,143400000000.0,129699999999.99998,23400000000.0,106300000000.0,0.12,91000000.0,60000000.0,1.52,82.17,58.04,59600000000.0,0.77,72.0,-17.84,-5.23,300700000000.0,260700000000.0,74300000.0,71900000.0,70200000.0,75400000.0,1.06,-1.05,46600000000.0,8900000000.0,,حمل ونقل و انبارداری,2026-08-24,,,,,,,,,,,,,,,,,,,,73.7
محصولات شیمیایی,2800000000.0,2679100000000.0,1902900000000.0,1879700000000.0,444600000000.0,18700000000.0,425900000000.0,1.61,82100000.0,69700000.0,1.18,71.03,70.16,23100000000.0,8.3,89.0,6.66,17.27,2511800000000.0,2284500000000.0,71500000.0,75300000.0,62700000.0,71100000.0,1.14,1.06,57400000000.0,174300000000.0,,محصولات شیمیایی,2026-08-24,,,,,,,,,,,,,,,,,,,,73.7
تامین سرمایه و بورس,300700000.0,206100000000.0,155300000000.0,122900000000.0,355300000000.0,3200000000.0,352100000000.0,2.14,126300000.0,64500000.0,1.96,75.64,59.87,32700000000.000004,1.1,77.0,-46.17,-40.65,382900000000.0,347200000000.0,80900000.0,76500000.0,63900000.0,67900000.0,1.27,1.13,23000000000.0,28200000000.0,,تامین سرمایه و بورس,2026-08-25,,,,,,,,,,,,,,,,,,,,73.4
زغال سنگ,43600000.0,37300000000.0,19500000000.0,7400000000.0,82700000000.0,3700000.0,82700000000.0,2.94,171000000.0,11200000.0,15.26,95.14,35.98,27300000000.0,0.12,46.0,-30.21,-42.38,53500000000.0,64800000000.0,117100000.0,72100000.0,24200000.0,40100000.0,4.84,1.8,20000000000.0,12300000000.0,,زغال سنگ,2026-08-29,,,,,,,,,,,,,,,,,,,,72.6
خدمات فنی و مهندسی,237600000.0,248400000000.0,140500000000.0,77500000000.0,111700000000.0,401100000.0,111300000000.0,2.31,152900000.0,84500000.0,1.81,56.57,31.21,63000000000.0,1.3,118.0,-44.21,-8.35,445300000000.0,271100000000.00003,136700000.0,142800000.0,167300000.0,137300000.0,-1.22,1.04,7900000000.0,32000000000.0,,خدمات فنی و مهندسی,2026-08-25,,,,,,,,,,,,,,,,,,,,72.2
صندوق های املاک و مستغلات,239100000.0,367000000000.0,339500000000.0,268399999999.99997,83500000000.0,1600000000.0,82000000000.0,2.21,200000000.0,147600000.0,1.36,92.52,73.15,71100000000.0,1.1,97.0,26.56,27.9,290000000000.0,286900000000.0,122200000.0,116800000.0,123200000.0,117300000.0,-1.01,-1.0,7000000000.0,14700000000.0,,صندوق های املاک و مستغلات,2026-08-24,,,,,,,,,,,,,,,,,,,,70.8
تامین سرمایه و بورس,400900000.0,281700000000.0,236600000000.0,199700000000.0,116000000000.0,2700000000.0,113200000000.0,1.33,89400000.0,59900000.0,1.49,84.24,71.08,36900000000.0,0.88,62.0,-26.43,-18.88,382900000000.0,347200000000.0,80900000.0,76500000.0,63900000.0,67900000.0,1.27,1.13,23000000000.0,28200000000.0,,تامین سرمایه و بورس,2026-08-24,,,,,,,,,,,,,,,,,,,,70.4
لاستیک و پلاستیک,1100000000.0,441500000000.0,395500000000.0,353500000000.0,141900000000.0,510600000.0,141400000000.0,2.2,75000000.0,120100000.0,-1.6,91.64,81.91,46000000000.0,1.4,247.0,93.69,173.57,227900000000.0,161400000000.0,72100000.0,65300000.0,63300000.0,54700000.0,1.14,1.19,32500000000.0,25300000000.0,,لاستیک و پلاستیک,2026-08-29,,,,,,,,,,,,,,,,,,,,70.0
محصولات کامپیوتری,224300000.0,194100000000.0,57300000000.0,58300000000.0,286200000000.0,2500000000.0,283700000000.0,1.56,57700000.0,35000000.0,1.65,90.03,91.54,9500000000.0,0.62,359.0,81.4,267.84,107000000000.0,52800000000.0,66000000.0,69900000.0,54800000.0,49400000.0,1.2,1.41,8800000000.0,4900000000.0,,محصولات کامپیوتری,2026-08-29,,,,,,,,,,,,,,,,,,,,70.0
سایر معادن,100300000.0,46100000000.0,31400000000.0,13500000000.0,36400000000.0,764000000.0,35600000000.0,2.19,113200000.0,32700000.000000004,3.47,70.53,30.35,18800000000.0,0.24,254.0,119.11,97.35,21000000000.0,23300000000.0,64099999.99999999,55200000.0,9400000.0,15300000.0,6.79,3.61,8700000000.0,8199999999.999999,,سایر معادن,2026-08-25,,,,,,,,,,,,,,,,,,,,70.0
خودرو و ساخت قطعات,32600000000.0,3066700000000.0,2545200000000.0,2505500000000.0,148800000000.0,48100000000.0,100700000000.0,1.34,110500000.0,122400000.0,-1.11,85.24,83.92,29600000000.0,9.5,147.0,26.7,92.54,2420400000000.0,1592800000000.0,108200000.0,94400000.0,86700000.0,66099999.99999999,1.25,1.43,127300000000.0,87800000000.0,,خودرو و ساخت قطعات,2026-08-24,,,,,,,,,,,,,,,,,,,,69.8
حمل ونقل و انبارداری,363300000.0,249900000000.0,210000000000.0,172600000000.0,178900000000.0,3200000000.0,175700000000.0,1.31,94800000.0,98200000.0,-1.04,84.27,69.26,37400000000.0,1.3,124.0,-16.9,-4.14,300700000000.0,260700000000.0,74300000.0,71900000.0,70200000.0,75400000.0,1.06,-1.05,46600000000.0,8900000000.0,,حمل ونقل و انبارداری,2026-08-25,,,,,,,,,,,,,,,,,,,,69.3
استخراج کانه های فلزی,2800000000.0,1638600000000.0,1385300000000.0,934600000000.0,1248400000000.0,5500000000.0,1242800000000.0,2.72,162500000.0,127900000.0,1.27,84.55,57.04,450700000000.0,8.6,126.0,-5.41,-2.08,1732400000000.0,1673400000000.0,63900000.0,84900000.0,111200000.0,111600000.0,-1.74,-1.31,-70900000000.0,194200000000.0,,استخراج کانه های فلزی,2026-08-25,,,,,,,,,,,,,,,,,,,,69.3
فراورده های نفتی,942400000.0,1153200000000.0,970100000000.0,374900000000.0,1743800000000.0,89500000000.0,1654300000000.0,2.23,209200000.0,59200000.0,3.54,84.21,32.55,595100000000.0,6.1,59.0,-53.42,-54.33,2475800000000.0,2525000000000.0,74300000.0,95000000.0,115900000.0,140800000.0,-1.56,-1.48,-189600000000.0,47900000000.0,,فراورده های نفتی,2026-08-25,,,,,,,,,,,,,,,,,,,,68.9
لاستیک و پلاستیک,195700000.0,119100000000.0,100700000000.0,37800000000.0,88400000000.0,34800000000.0,53600000000.0,2.33,81600000.0,33500000.0,2.44,84.58,31.75,62900000000.0,0.63,113.0,-18.93,-12.45,146900000000.0,136000000000.0,54800000.0,64200000.0,52600000.0,50800000.0,1.04,1.26,2200000000.0,23000000000.0,,لاستیک و پلاستیک,2026-08-25,,,,,,,,,,,,,,,,,,,,68.8
سیمان,447500000.0,922800000000.0,622900000000.0,584100000000.0,243000000000.0,7700000000.0,235300000000.0,1.83,57500000.0,48300000.0,1.19,69.85,65.49,67500000000.0,2.9,94.0,21.47,16.42,759700000000.0,792600000000.0,51400000.0,49100000.0,58700000.0,66300000.0,-1.14,-1.35,733700000.0,-5100000000.0,,سیمان,2026-08-29,,,,,,,,,,,,,,,,,,,,68.7
زغال سنگ,70900000.0,63700000000.0,60700000000.0,33900000000.0,52100000000.0,3200000000.0,48900000000.0,1.75,92000000.0,29400000.0,3.13,95.31,53.3,26800000000.0,0.2,71.0,-18.21,-6.7,77900000000.0,68300000000.0,87200000.0,66900000.00000001,45400000.0,45700000.0,1.92,1.46,9200000000.0,9600000000.0,,زغال سنگ,2026-08-24,,,,,,,,,,,,,,,,,,,,68.1
ساخت دستگاههای برقی,523500000.0,252100000000.0,178300000000.0,136199999999.99998,21300000000.0,2900000000.0,18400000000.0,2.06,88400000.0,59200000.0,1.49,90.19,68.87,34800000000.0,0.8,105.0,16.62,25.82,216200000000.0,200400000000.0,64700000.0,56100000.0,18200000.0,21300000.0,3.57,2.63,18600000000.0,15900000000.0,,ساخت دستگاههای برقی,2026-08-29,,,,,,,,,,,,,,,,,,,,67.8
بیمه,759500000.0,234200000000.0,175300000000.0,157000000000.0,84900000000.0,31300000000.0,53600000000.0,2.1,72900000.0,35200000.0,2.07,74.82,67.03,18200000000.0,0.75,87.0,-17.31,5.15,283300000000.0,222700000000.0,72100000.0,69400000.0,51000000.0,54100000.0,1.41,1.28,11600000000.0,15200000000.0,,بیمه,2026-08-29,,,,,,,,,,,,,,,,,,,,66.9
صندوق های نقره,1300000000.0,1538900000000.0,1399200000000.0,1380000000000.0,511300000000.0,4099999999.9999995,507300000000.0,-0.37,67900000.0,99400000.0,-1.46,90.92,89.67,19100000000.0,4.8,121.0,1.86,59.41,1510900000000.0,965400000000.0,75000000.0,63300000.0,101500000.0,93500000.0,-1.35,-1.48,40100000000.0,17200000000.0,,صندوق های نقره,2026-08-24,,,,,,,,,,,,,,,,,,,,66.7
انبوه سازی,1000000000.0,472000000000.0,402400000000.0,383500000000.0,120600000000.0,6000000000.0,114600000000.0,1.93,83900000.0,42300000.0,1.98,94.53,90.1,10000000000.0,1.5,74.0,-0.74,-8.98,475600000000.0,518600000000.0,77100000.0,72500000.0,36200000.0,39000000.0,2.13,1.86,16300000000.0,9600000000.0,,انبوه سازی,2026-08-29,,,,,,,,,,,,,,,,,,,,66.5
سایر معادن,69400000.0,45100000000.0,30800000000.0,12400000000.0,14000000000.0,133900000.0,13900000000.0,2.0,77400000.0,10800000.0,7.18,85.48,34.29,13100000000.0,0.14,123.0,-4.71,43.21,47300000000.0,31500000000.0,76200000.0,62000000.0,13700000.0,15600000.0,5.55,3.97,9000000000.0,8900000000.0,,سایر معادن,2026-08-29,,,,,,,,,,,,,,,,,,,,66.3
محصولات کامپیوتری,100500000.0,53300000000.0,28500000000.0,26500000000.0,468200000000.0,18900000000.0,449300000000.0,0.97,69500000.0,65500000.0,1.06,82.87,77.18,12600000000.0,0.17,117.0,-9.68,53.63,59000000000.0,34700000000.0,89000000.0,71400000.0,52400000.0,49000000.0,1.7,1.46,8700000000.0,4200000000.0,,محصولات کامپیوتری,2026-08-24,,,,,,,,,,,,,,,,,,,,65.7
صندوق های طلا و سکه,2200000000.0,18989400000000.0,11769300000000.0,11397800000000.0,249500000000.0,29600000000.0,220000000000.0,3.05,205300000.0,165300000.0,1.24,62.13,60.17,371500000000.0,60.6,117.0,-21.14,39.42,24080200000000.0,13620300000000.0,170000000.0,148000000.0,247900000.0,201200000.0,-1.46,-1.36,-1377100000000.0,212200000000.0,,صندوق های طلا و سکه,2026-08-29,,,,,,,,,,,,,,,,,,,,65.5
صندوق های اهرمی,896300000.0,4906900000000.0,4375300000000.0,4341500000000.0,127200000000.0,529400000.0,126600000000.0,3.83,233800000.0,271600000.0,-1.16,89.17,88.48,33799999999.999996,15.7,94.0,3.67,16.93,4733000000000.0,4196300000000.0,218400000.0,227200000.0,265800000.0,272000000.0,-1.22,-1.2,8199999999.999999,-29400000000.0,,صندوق های اهرمی,2026-08-29,,,,,,,,,,,,,,,,,,,,64.9
قند و شکر,300200000.0,150300000000.0,140600000000.0,104700000000.0,25300000000.0,5000000000.0,20200000000.0,1.74,52800000.0,43300000.0,1.22,96.68,71.99,35300000000.0,0.48,91.0,-0.49,9.43,151100000000.0,137400000000.0,47100000.0,54500000.0,44700000.0,51200000.0,1.05,1.06,14500000000.0,12000000000.0,,قند و شکر,2026-08-29,,,,,,,,,,,,,,,,,,,,64.7
صندوق های درآمد ثابت,11200000000.0,33458500000000.0,13706800000000.0,9590000000000.0,44533400000000.0,5574900000000.0,38958400000000.0,0.13,230300000.0,193300000.0,1.19,40.97,28.66,4116800000000.0,104.0,73.0,-13.11,-4.41,38505700000000.0,35000699999999.996,199300000.0,222400000.0,149900000.0,176400000.0,1.33,1.26,-936000000000.0,182500000000.0,,صندوق های درآمد ثابت,2026-08-24,,,,,,,,,,,,,,,,,,,,64.6
ساخت دستگاههای برقی,163400000.0,110800000000.0,79600000000.0,56900000000.0,60500000000.0,24100000000.0,36400000000.0,1.54,82200000.0,22700000.0,3.62,92.44,66.09,19100000000.0,0.58,77.0,-50.3,-40.1,222900000000.0,184900000000.0,50100000.0,54500000.0,17200000.0,22500000.0,2.91,2.43,13800000000.0,15300000000.0,,ساخت دستگاههای برقی,2026-08-25,,,,,,,,,,,,,,,,,,,,64.0
ماشین آلات و تجهیزات,751800000.0,296300000000.0,272200000000.0,261800000000.0,209200000000.0,13200000000.0,196000000000.0,-0.02,72200000.0,77700000.0,-1.08,91.87,88.37,10400000000.0,0.92,144.0,42.31,88.77,208200000000.0,157000000000.0,68000000.0,71700000.0,70300000.0,73600000.0,-1.03,-1.03,21800000000.0,14800000000.0,,ماشین آلات و تجهیزات,2026-08-24,,,,,,,,,,,,,,,,,,,,62.9
محصولات کاغذی,147700000.0,76200000000.0,33500000000.0,30300000000.0,14900000000.0,793400000.0,14100000000.0,0.16,42800000.0,19300000.0,2.21,99.16,89.79,17900000000.0,0.24,92.0,17.19,9.93,65000000000.0,69300000000.0,51000000.0,51400000.0,7500000.0,10500000.0,6.8,4.88,13800000000.0,2500000000.0,,محصولات کاغذی,2026-08-29,,,,,,,,,,,,,,,,,,,,62.7
,,,,,,,,2.16,,,3.88,89.25,54.66,,0.9,540.0,281.14,295.96,,,,,,,4.03,3.66,,,6,نساجی,2026-09-06,نساجی,158.2,195.0,173.6,106.3,148.8,3.59,145.2,295.2,76.0,67.3,51.2,49.2,72.0,81.1,17.8,22.1,-4.34,0.6,62.3
کاشی و سرامیک,236800000.0,100300000000.0,71800000000.0,66400000000.00001,41500000000.0,660400000.0,40800000000.0,2.22,79500000.0,56600000.0,1.4,92.54,85.56,13600000000.0,0.32,64.0,4.31,-21.71,96200000000.0,128199999999.99998,72600000.0,68200000.0,17500000.0,25900000.0,4.14,2.63,11100000000.0,12500000000.0,,کاشی و سرامیک,2026-08-29,,,,,,,,,,,,,,,,,,,,61.1
اطلاعات و ارتباطات,797500000.0,87300000000.0,69700000000.0,62600000000.0,77300000000.0,513700.00000000006,77300000000.0,2.92,132000000.0,58800000.0,2.24,79.9,71.79,7100000000.0,0.46,105.0,-32.94,-18.47,130100000000.0,107000000000.0,82300000.0,81500000.0,60400000.0,61400000.0,1.36,1.33,2100000000.0,15300000000.0,,اطلاعات و ارتباطات,2026-08-25,,,,,,,,,,,,,,,,,,,,60.5
استخراج کانه های فلزی,3400000000.0,1568300000000.0,1196700000000.0,837200000000.0,495300000000.0,6700000000.0,488600000000.0,0.79,86900000.0,89600000.0,-1.03,76.31,53.38,359500000000.0,4.9,71.0,-9.47,-6.28,1732400000000.0,1673400000000.0,63900000.0,84900000.0,111200000.0,111600000.0,-1.74,-1.31,-70900000000.0,194200000000.0,,استخراج کانه های فلزی,2026-08-24,,,,,,,,,,,,,,,,,,,,60.3
محصولات غذایی,1300000000.0,617400000000.0,541200000000.00006,467700000000.0,459900000000.0,99800000000.0,360100000000.0,1.76,61100000.0,52700000.0,1.16,89.65,77.47,73400000000.0,3.2,72.0,-44.47,-44.41,1111900000000.0,1110600000000.0,56900000.0,58700000.0,33000000.0,41400000.0,1.73,1.42,-16399999999.999998,-10600000000.0,,محصولات غذایی,2026-08-25,,,,,,,,,,,,,,,,,,,,59.6
کانی های غیرفلزی,239500000.0,116000000000.0,99700000000.0,72800000000.0,155900000000.0,4500000000.0,151400000000.0,2.21,63200000.0,36500000.0,1.73,86.17,62.93,26900000000.0,0.61,61.0,-54.39,-52.76,254300000000.0,245500000000.0,64599999.99999999,73900000.0,63300000.0,68500000.0,1.02,1.08,-2500000000.0,8800000000.0,,کانی های غیرفلزی,2026-08-25,,,,,,,,,,,,,,,,,,,,59.4
زغال سنگ,11500000.0,12900000000.0,12500000000.0,8199999999.999999,135199999999.99998,274600000.0,134900000000.0,1.81,53300000.0,14200000.0,3.74,97.05,63.45,4300000000.0,0.07,24.0,-83.42,-81.08,77900000000.0,68300000000.0,87200000.0,66900000.00000001,45400000.0,45700000.0,1.92,1.46,9200000000.0,9600000000.0,,زغال سنگ,2026-08-25,,,,,,,,,,,,,,,,,,,,59.1
لیزینگ,463500000.0,112700000000.0,100900000000.0,90300000000.0,8600000000.0,991500000.0,7600000000.0,0.94,73200000.0,33200000.000000004,2.21,89.47,80.11,10600000000.0,0.35,97.0,5.45,27.09,106900000000.0,88700000000.0,72500000.0,63800000.0,30100000.0,32200000.000000004,2.41,1.98,8199999999.999999,7900000000.0,,لیزینگ,2026-08-24,,,,,,,,,,,,,,,,,,,,58.9
صندوق های درآمد ثابت,12800000000.0,39531500000000.0,12343500000000.0,12724400000000.0,48413500000000.0,6045100000000.0,42368500000000.0,0.17,170700000.0,108700000.0,1.57,31.32,32.29,-358900000000.0,126.2,89.0,0.28,8.68,39421700000000.0,36374900000000.0,202400000.0,214800000.0,139000000.0,157000000.0,1.46,1.37,1579800000000.0,267100000000.00003,,صندوق های درآمد ثابت,2026-08-29,,,,,,,,,,,,,,,,,,,,58.9
فراصندوق ها,29800000.0,123900000000.0,106700000000.0,89100000000.0,25700000000.0,1400000000.0,24300000000.0,1.55,94700000.0,89800000.0,1.05,86.12,71.91,17600000000.0,0.4,72.0,-40.74,-11.62,209000000000.0,140200000000.0,89200000.0,95400000.0,140000000.0,126900000.0,-1.57,-1.33,30700000000.0,23600000000.0,,فراصندوق ها,2026-08-29,,,,,,,,,,,,,,,,,,,,58.8
ساخت دستگاههای برقی,153300000.0,129900000000.0,91000000000.0,85100000000.0,13200000000.0,3000000000.0,10200000000.0,0.77,75100000.0,25800000.0,2.91,95.53,89.33,12600000000.0,0.4,54.0,-41.7,-29.74,222900000000.0,184900000000.0,50100000.0,54500000.0,17200000.0,22500000.0,2.91,2.43,13800000000.0,15300000000.0,,ساخت دستگاههای برقی,2026-08-24,,,,,,,,,,,,,,,,,,,,58.8
نساجی,107400000.0,70700000000.0,63800000000.0,45200000000.0,23800000000.0,1900000000.0,21900000000.0,1.43,111000000.0,48200000.0,2.3,90.58,64.12,18600000000.0,0.37,229.0,49.69,77.9,47200000000.0,39700000000.0,78400000.0,76900000.0,24300000.0,25500000.0,3.23,3.01,-4300000000.0,749100000.0,,نساجی,2026-08-25,,,,,,,,,,,,,,,,,,,,58.6
نساجی,35600000.0,34800000000.0,17600000000.0,13000000000.0,17500000000.0,912000000.0,16600000000.000002,2.61,89100000.0,6600000.0,13.53,96.3,71.53,8700000000.0,0.11,62.0,-36.06,-23.56,54500000000.0,45600000000.0,85300000.0,83100000.0,21300000.0,23600000.0,4.01,3.52,3700000000.0,2400000000.0,,نساجی,2026-08-29,,,,,,,,,,,,,,,,,,,,58.4
فراصندوق ها,103300000.0,403800000000.0,193700000000.0,169900000000.0,13700000000.0,3700000000.0,10000000000.0,0.53,96700000.0,218100000.0,-2.26,47.98,42.09,23800000000.0,1.3,244.0,64.9,220.25,244900000000.0,126100000000.0,111800000.0,98000000.0,150300000.0,126900000.0,-1.34,-1.29,54900000000.0,19700000000.0,,فراصندوق ها,2026-08-24,,,,,,,,,,,,,,,,,,,,57.9
سلامت و مددکاری,89900000.0,29400000000.0,22800000000.0,17000000000.0,1100000000.0,102700000.0,1000000000.0,2.83,344900000.0,13500000.0,25.6,77.42,57.91,5700000000.0,0.09,384.0,112.25,297.52,13900000000.0,7400000000.0,81800000.0,50600000.0,11900000.0,9600000.0,6.86,5.27,-788400000.0,-1000000000.0,,سلامت و مددکاری,2026-08-29,,,,,,,,,,,,,,,,,,,,57.1
هتل و رستوران,330300000.0,118100000000.0,101700000000.0,93000000000.0,8800000000.0,1400000000.0,7400000000.0,0.59,64300000.0,44400000.0,1.45,86.17,78.73,8800000000.0,0.37,132.0,-3.97,72.99,123000000000.0,68300000000.0,67700000.0,69800000.0,48200000.0,44300000.0,1.4,1.58,9400000000.0,7100000000.0,,هتل و رستوران,2026-08-24,,,,,,,,,,,,,,,,,,,,57.0
هتل و رستوران,107400000.0,46000000000.0,45300000000.0,34900000000.0,14000000000.0,210500000.0,13800000000.0,1.89,94400000.0,12700000.0,7.45,98.44,75.82,10400000000.0,0.15,51.0,-45.4,-36.9,84300000000.0,73000000000.0,69400000.0,72800000.0,34300000.0,40400000.0,2.03,1.8,5600000000.0,8100000000.0,,هتل و رستوران,2026-08-29,,,,,,,,,,,,,,,,,,,,56.9
لیزینگ,120400000.0,31900000000.0,28200000000.0,22500000000.0,62900000000.0,2000000000.0,60900000000.0,1.82,56100000.0,18000000.0,3.12,88.32,70.66,5600000000.0,0.17,46.0,-70.16,-64.03,106900000000.0,88700000000.0,72500000.0,63800000.0,30100000.0,32200000.000000004,2.41,1.98,8199999999.999999,7900000000.0,,لیزینگ,2026-08-25,,,,,,,,,,,,,,,,,,,,56.8
بانکها,7200000000.0,1111600000000.0,837300000000.0,631700000000.0,1479700000000.0,35900000000.0,1443800000000.0,1.55,94200000.0,102200000.0,-1.09,75.42,56.9,205500000000.0,5.8,50.0,-65.48,-61.51,3220400000000.0,2888000000000.0,131100000.0,134700000.0,135300000.0,136700000.0,-1.03,-1.02,-76000000000.0,217000000000.0,,بانکها,2026-08-25,,,,,,,,,,,,,,,,,,,,56.8
,,,,,,,,-1.17,,,4.09,95.98,85.69,,0.06,164.0,-50.23,20.29,,,,,,,11.49,7.59,,,1,سلامت و مددکاری,2026-09-06,سلامت و مددکاری,37.3,12.6,12.1,10.8,2.39,0.4,1.99,70.6,17.3,1.29,25.3,10.5,152.4,73.1,13.3,9.62,7.17,0.96,56.6
,,,,,,,,8.63,,,1.05,84.95,89.37,,3.8,2000.0,992.98,1357.55,,,,,,,-1.16,1.19,,,3,محصولات کامپیوتری,2026-09-06,محصولات کامپیوتری,298.5,831.7,30.0,31.6,10.8,1.5,9.31,38.5,36.5,295.5,76.1,57.1,44.8,62.2,52.0,52.2,-7.99,1.5,56.2
ساخت دستگاههای ارتباطی,17200000.0,10200000000.0,9200000000.0,5100000000.0,14400000000.0,11900000.0,14400000000.0,2.65,218900000.0,21700000.0,10.11,90.32,49.8,4099999999.9999995,0.03,65.0,-17.49,-19.64,12300000000.0,12700000000.0,88200000.0,60700000.0,31800000.0,42600000.0,2.78,1.43,4300000000.0,927200000.0,,ساخت دستگاههای ارتباطی,2026-08-29,,,,,,,,,,,,,,,,,,,,56.0
کانی های غیرفلزی,651100000.0,257300000000.0,228200000000.0,225600000000.0,66400000000.00001,3100000000.0,63400000000.0,1.88,63600000.0,53700000.0,1.18,88.66,87.66,2600000000.0,0.82,83.0,6.62,1.59,241400000000.0,253300000000.0,68500000.0,73700000.0,59500000.0,66200000.0,1.15,1.11,12800000000.0,8600000000.0,,کانی های غیرفلزی,2026-08-29,,,,,,,,,,,,,,,,,,,,55.5
,,,,,,,,2.95,,,2.56,93.19,47.1,,0.25,87.0,-26.89,-35.94,,,,,,,1.25,1.24,,,1,استخراج نفت و گاز,2026-09-06,استخراج نفت و گاز,91.4,54.3,50.6,25.6,34.5,0.0,34.5,221.8,86.6,25.0,74.2,84.7,90.6,116.3,72.4,93.9,-3.55,3.05,55.5
صندوق های اهرمی,1200000000.0,5447000000000.0,4969500000000.0,4838500000000.0,2600000000.0,18400000000.0,-15800000000.0,0.12,200200000.0,297800000.0,-1.49,93.44,90.98,143900000000.0,16.9,101.0,-15.29,32.4,6429800000000.0,4114000000000.0,219300000.0,227000000.0,296200000.0,277500000.0,-1.35,-1.22,34200000000.000004,-41700000000.0,,صندوق های اهرمی,2026-08-24,,,,,,,,,,,,,,,,,,,,55.5
محصولات کامپیوتری,243300000.0,112000000000.0,57700000000.0,69000000000.0,793400000000.0,1500000000.0,791900000000.0,1.9,63800000.0,80800000.0,-1.27,80.21,95.92,-343300000.0,0.59,416.0,89.8,222.84,59000000000.0,34700000000.0,89000000.0,71400000.0,52400000.0,49000000.0,1.7,1.46,8700000000.0,4200000000.0,,محصولات کامپیوتری,2026-08-25,,,,,,,,,,,,,,,,,,,,55.5
خودرو و ساخت قطعات,19600000000.0,2286100000000.0,1753200000000.0,1787900000000.0,224200000000.0,4099999999.9999995,220100000000.0,1.72,99300000.0,76100000.0,1.31,80.72,82.32,-59400000000.0,7.3,111.0,-7.15,31.56,2462200000000.0,1737700000000.0,102900000.0,95300000.0,62000000.0,65599999.99999999,1.66,1.45,78800000000.0,69900000000.0,,خودرو و ساخت قطعات,2026-08-29,,,,,,,,,,,,,,,,,,,,55.3
,,,,,,,,2.91,,,5.34,92.63,61.26,,0.09,64.0,-69.41,-52.82,,,,,,,4.18,3.78,,,3,سایر معادن,2026-09-06,سایر معادن,22.8,19.0,17.6,11.6,16.9,0.02,16.9,59.1,11.1,5.95,62.0,40.2,76.4,66.5,18.3,17.6,1.03,6.56,55.2
خدمات فنی و مهندسی,375400000.0,527100000000.0,413400000000.0,381200000000.0,3600000000.0,1800000000.0,1800000000.0,1.18,212200000.0,225700000.0,-1.06,78.44,72.33,32200000000.000004,1.6,148.0,18.36,94.43,445300000000.0,271100000000.00003,136700000.0,142800000.0,167300000.0,137300000.0,-1.22,1.04,7900000000.0,32000000000.0,,خدمات فنی و مهندسی,2026-08-24,,,,,,,,,,,,,,,,,,,,55.2
فراورده های نفتی,2500000000.0,3194900000000.0,2260200000000.0,2263000000000.0,175300000000.0,15700000000.0,159600000000.0,2.13,106800000.0,143900000.0,-1.35,70.74,70.83,-2800000000.0,10.2,103.0,45.13,32.0,2201400000000.0,2420400000000.0,100500000.0,91900000.0,110900000.0,131699999.99999999,-1.1,-1.43,199200000000.0,1700000000.0,,فراورده های نفتی,2026-08-29,,,,,,,,,,,,,,,,,,,,54.8
ماشین آلات و تجهیزات,1500000000.0,420800000000.0,345200000000.0,351200000000.0,82200000000.0,4700000000.0,77500000000.0,1.03,89400000.0,78100000.0,1.14,82.05,83.46,-5900000000.0,1.3,196.0,54.63,120.95,272100000000.00003,190400000000.0,76500000.0,73300000.0,70600000.0,72400000.0,1.08,1.01,34299999999.999996,20100000000.0,,ماشین آلات و تجهیزات,2026-08-29,,,,,,,,,,,,,,,,,,,,54.7
صندوق های سهامی,1000000000.0,4887900000000.0,4052200000000.0,3988100000000.0,835100000000.0,146300000000.0,688800000000.0,1.71,155000000.0,168100000.0,-1.08,82.95,81.63,64200000000.0,25.7,74.0,-55.38,-42.39,10955700000000.0,8484500000000.0,158100000.0,140600000.0,220500000.0,206300000.0,-1.39,-1.47,-246800000000.0,-23900000000.0,,صندوق های سهامی,2026-08-25,,,,,,,,,,,,,,,,,,,,54.5
,,,,,,,,2.96,,,5.31,100.0,61.22,,0.01,19.0,-83.33,-86.38,,,,,,,-2.81,-1.21,,,1,انتشار، چاپ و تکثیر,2026-09-06,انتشار، چاپ و تکثیر,0.77,1.72,1.72,1.06,4.69,0.04,4.65,143.6,27.1,0.67,10.3,12.7,31.7,96.7,89.2,117.3,-5.16,-1.91,54.4
,,,,,,,,1.89,,,2.15,90.13,71.15,,0.73,105.0,-26.84,-22.9,,,,,,,1.83,2.43,,,14,ساخت دستگاههای برقی,2026-09-06,ساخت دستگاههای برقی,317.9,159.6,120.4,95.0,82.9,2.71,80.2,59.6,27.7,18.4,218.2,207.1,53.0,53.1,29.0,21.8,-5.92,9.06,54.1
,,,,,,,,2.92,,,4.67,100.0,100.0,,0.0,11.0,-96.5,-92.01,,,,,,,1.07,-1.21,,,1,عمده فروشی,2026-09-06,عمده فروشی,0.35,0.23,0.23,0.23,16.7,0.0,16.7,78.1,16.7,0.0,6.7,2.93,74.4,58.7,69.4,71.3,0.39,0.06,54.0
انبوه سازی,670500000.0,257899999999.99997,215900000000.0,198500000000.0,182900000000.0,8900000000.0,174000000000.0,1.77,77500000.0,49000000.0,1.58,96.91,89.12,12400000000.0,1.4,65.0,-56.24,-49.73,589500000000.0,513200000000.00006,69200000.0,72600000.0,46100000.0,39000000.0,1.5,1.86,-7800000000.0,19000000000.0,,انبوه سازی,2026-08-25,,,,,,,,,,,,,,,,,,,,54.0
,,,,,,,,2.58,,,1.46,100.0,95.44,,0.06,121.0,-52.84,-10.92,,,,,,,1.72,1.53,,,3,ساخت دستگاههای ارتباطی,2026-09-06,ساخت دستگاههای ارتباطی,29.1,13.5,13.4,12.8,8.49,0.04,8.44,70.3,48.0,0.61,28.5,15.1,102.6,68.5,59.6,44.7,-0.15,0.91,53.9
,,,,,,,,2.3,,,2.1,97.1,92.58,,0.25,89.0,-33.82,-34.73,,,,,,,1.7,1.76,,,8,هتل و رستوران,2026-09-06,هتل و رستوران,113.3,55.2,53.5,51.0,22.3,2.08,20.2,63.2,30.2,2.49,83.4,84.6,63.3,72.4,37.1,41.1,-1.18,6.58,53.7
,,,,,,,,2.88,,,2.03,51.95,37.96,,3.2,83.0,-37.36,-39.12,,,,,,,1.05,1.01,,,6,چند رشته ای صنعتی,2026-09-06,چند رشته ای صنعتی,1477.9,698.2,361.9,264.4,1206.6,4.01,1202.6,168.5,82.9,97.5,1114.6,1146.9,95.6,113.6,90.7,112.0,-50.7,-30.8,53.7
صندوق های اهرمی,587500000.0,2871700000000.0,2681600000000.0,2680000000000.0,100200000000.0,19500000000.0,80700000000.0,3.3,222400000.0,231000000.0,-1.04,93.42,93.36,1600000000.0,15.1,90.0,-55.34,-30.2,6429800000000.0,4114000000000.0,219300000.0,227000000.0,296200000.0,277500000.0,-1.35,-1.22,34200000000.000004,-41700000000.0,,صندوق های اهرمی,2026-08-25,,,,,,,,,,,,,,,,,,,,53.6
سرمایه گذاریها,2200000000.0,1144100000000.0,759100000000.0,778100000000.0,528400000000.0,235300000000.0,293000000000.0,0.66,76200000.0,60700000.0,1.26,68.62,70.35,-17500000000.0,3.6,100.0,6.99,30.93,1069300000000.0,873800000000.0,80000000.0,81400000.0,41400000.0,41700000.0,1.93,1.95,13900000000.0,67200000000.0,,سرمایه گذاریها,2026-08-24,,,,,,,,,,,,,,,,,,,,53.5
,,,,,,,,1.93,,,1.1,88.82,83.17,,0.65,217.0,2.83,59.16,,,,,,,2.23,1.82,,,5,زغال سنگ,2026-09-06,زغال سنگ,170.7,140.8,125.0,117.1,20.3,0.79,19.5,84.5,77.1,7.96,136.9,88.5,120.8,86.5,54.2,47.5,11.7,11.4,53.4
,,,,,,,,2.23,,,2.93,75.84,56.12,,0.67,60.0,-60.16,-56.11,,,,,,,1.88,2.94,,,14,صنایع نیروگاهی,2026-09-06,صنایع نیروگاهی,272.9,145.2,95.2,70.4,413.8,4.78,409.0,79.9,27.3,34.0,364.4,330.8,61.4,103.0,32.7,35.0,-61.9,14.8,53.2
,,,,,,,,1.62,,,2.17,83.63,87.71,,0.36,100.0,-42.97,-26.55,,,,,,,2.52,2.23,,,14,لیزینگ,2026-09-06,لیزینگ,321.7,79.0,66.0,69.2,89.4,2.24,87.2,58.5,27.0,-3.22,138.4,107.5,70.3,66.6,27.9,29.8,1.79,7.37,53.2
صندوق های نقره,1200000000.0,1462500000000.0,1244700000000.0,1208200000000.0,7200000000.0,3300000000.0,3900000000.0,2.83,82500000.0,79900000.0,1.03,85.21,82.71,36500000000.0,4.7,107.0,-23.73,27.48,1917600000000.0,1147300000000.0,73400000.0,66400000.00000001,109200000.0,96600000.0,-1.49,-1.45,-5700000000.0,8000000000.0,,صندوق های نقره,2026-08-29,,,,,,,,,,,,,,,,,,,,53.2
صندوق های زعفران,47900000.0,341400000000.0,309800000000.0,283200000000.0,59200000.0,576100000.0,-517000000.0,-0.79,41800000.0,99400000.0,-2.38,90.74,82.96,26600000000.0,1.1,162.0,-10.94,112.19,383300000000.0,160900000000.0,63400000.0,60600000.0,117400000.0,93600000.0,-1.85,-1.55,105800000000.0,33799999999.999996,,صندوق های زعفران,2026-08-24,,,,,,,,,,,,,,,,,,,,52.8
صنایع نیروگاهی,1400000000.0,459900000000.0,264200000000.0,313300000000.0,499100000000.0,4700000000.0,494400000000.0,1.09,114600000.0,142200000.0,-1.24,58.07,68.85,-49300000000.0,2.4,261.0,-9.96,102.41,510800000000.0,227200000000.0,148600000.0,115000000.0,52600000.0,31900000.0,2.83,3.6,73900000000.0,36600000000.0,,صنایع نیروگاهی,2026-08-25,,,,,,,,,,,,,,,,,,,,52.7
سرمایه گذاریها,2400000000.0,1576600000000.0,1182700000000.0,1240700000000.0,826600000000.0,32700000000.000004,793800000000.0,1.38,111000000.0,110400000.0,1.01,80.59,84.54,-79100000000.0,8.3,233.0,47.44,80.42,1069300000000.0,873800000000.0,80000000.0,81400000.0,41400000.0,41700000.0,1.93,1.95,13900000000.0,67200000000.0,,سرمایه گذاریها,2026-08-25,,,,,,,,,,,,,,,,,,,,52.4
لیزینگ,359100000.0,90600000000.0,74700000000.0,67300000000.0,27600000000.0,31200000000.0,-3600000000.0,2.18,61500000.0,25300000.0,2.43,91.26,82.21,9900000000.0,0.29,80.0,-2.63,-0.89,93100000000.0,91400000000.0,63900000.0,64700000.0,23400000.0,29200000.0,2.73,2.22,5800000000.0,8500000000.0,,لیزینگ,2026-08-29,,,,,,,,,,,,,,,,,,,,52.3
صندوق های زعفران,22500000.0,159400000000.0,151500000000.0,142400000000.0,4000000000.0,449600000.0,3600000000.0,3.62,67600000.0,74100000.0,-1.1,95.93,90.16,9100000000.0,0.51,75.0,-35.27,-10.49,246300000000.0,178100000000.0,46400000.0,58100000.0,96300000.0,92500000.0,-2.08,-1.59,19800000000.0,36500000000.0,,صندوق های زعفران,2026-08-29,,,,,,,,,,,,,,,,,,,,52.0
تامین سرمایه و بورس,582100000.0,547400000000.0,455000000000.0,458800000000.0,40600000000.0,3500000000.0,37100000000.0,0.65,109500000.0,95500000.0,1.15,83.84,84.55,-3200000000.0,1.7,130.0,40.62,55.93,389300000000.0,351000000000.0,101700000.0,80900000.0,59700000.0,63700000.0,1.7,1.27,42100000000.0,26600000000.0,,تامین سرمایه و بورس,2026-08-29,,,,,,,,,,,,,,,,,,,,51.9
,,,,,,,,-2.95,,,1.51,89.27,81.46,,1.0,143.0,-6.79,5.26,,,,,,,2.01,1.78,,,20,رایانه,2026-09-06,رایانه,266.5,224.4,199.9,182.4,207.9,8.2,199.7,74.5,49.2,17.5,240.7,213.2,68.8,70.3,34.1,39.5,-6.85,3.84,51.8
اطلاعات و ارتباطات,1600000000.0,248800000000.0,218700000000.0,207600000000.0,12600000000.0,2600000000.0,10100000000.0,1.47,82300000.0,55800000.0,1.47,87.92,83.45,11100000000.0,0.79,177.0,41.63,102.08,175600000000.0,123100000000.0,80300000.0,82900000.0,62000000.0,60900000.0,1.3,1.36,-9000000000.0,11500000000.0,,اطلاعات و ارتباطات,2026-08-29,,,,,,,,,,,,,,,,,,,,51.8
,,,,,,,,1.58,,,2.68,82.38,78.73,,0.15,61.0,-62.43,-54.94,,,,,,,4.11,4.42,,,6,محصولات کاغذی,2026-09-06,محصولات کاغذی,75.8,33.0,23.8,22.7,3.65,2.52,1.13,33.8,12.6,0.2,87.9,73.3,47.9,47.1,11.7,10.7,-0.4,1.53,51.7
خودرو و ساخت قطعات,12600000000.0,1413500000000.0,1111700000000.0,1159000000000.0,390800000000.0,39800000000.0,351000000000.0,2.03,81800000.0,82900000.0,-1.01,81.16,84.62,-50100000000.0,7.4,114.0,-41.6,-11.26,2420400000000.0,1592800000000.0,108200000.0,94400000.0,86700000.0,66099999.99999999,1.25,1.43,127300000000.0,87800000000.0,,خودرو و ساخت قطعات,2026-08-25,,,,,,,,,,,,,,,,,,,,51.6
,,,,,,,,1.74,,,2.23,82.33,89.44,,0.54,65.0,-47.94,-52.23,,,,,,,1.47,1.41,,,12,ساخت محصولات فلزی,2026-09-06,ساخت محصولات فلزی,387.1,117.8,96.9,105.2,57.9,8.75,49.1,106.2,47.5,-8.37,226.3,246.6,63.9,78.5,43.5,55.5,-10.1,-5.31,51.6
صنایع نیروگاهی,2100000000.0,708700000000.0,484000000000.0,609700000000.0,315700000000.0,77300000000.0,238500000000.0,-0.99,131000000.0,120900000.0,1.08,68.94,86.85,-124700000000.0,2.2,238.0,38.74,211.88,510800000000.0,227200000000.0,148600000.0,115000000.0,52600000.0,31900000.0,2.83,3.6,73900000000.0,36600000000.0,,صنایع نیروگاهی,2026-08-24,,,,,,,,,,,,,,,,,,,,51.5
,,,,,,,,1.92,,,1.37,77.4,68.15,,0.95,108.0,-33.34,-20.93,,,,,,,1.35,1.3,,,36,بیمه,2026-09-06,بیمه,780.0,205.6,159.1,140.1,221.5,14.7,206.7,77.9,56.9,19.0,308.4,260.0,74.5,72.8,55.3,55.9,-0.82,14.2,51.3
,,,,,,,,2.47,,,1.61,86.89,67.21,,0.49,64.0,-65.25,-53.02,,,,,,,1.01,1.01,,,16,ماشین آلات و تجهیزات,2026-09-06,ماشین آلات و تجهیزات,293.1,105.8,91.9,71.1,180.0,5.75,174.3,71.6,44.5,20.8,304.3,225.1,75.4,75.4,74.7,74.6,-13.2,14.4,51.2
صندوق های بخشی,290300000.0,1459300000000.0,1011900000000.0,991600000000.0,621000000000.0,50600000000.0,570400000000.0,1.64,114700000.0,115700000.0,-1.01,69.38,67.99,20300000000.0,7.7,76.0,-49.24,-40.78,2874600000000.0,2464200000000.0,127500000.0,108500000.0,158300000.0,152600000.0,-1.24,-1.41,-137500000000.0,-51800000000.0,,صندوق های بخشی,2026-08-25,,,,,,,,,,,,,,,,,,,,51.1
محصولات کاغذی,260700000.0,72200000000.0,51500000000.0,50100000000.0,23500000000.0,1600000000.0,21900000000.0,0.08,59800000.0,42200000.0,1.42,91.05,88.64,5600000000.0,0.22,85.0,15.68,11.85,62400000000.0,64599999999.99999,44400000.0,50900000.0,10000000.0,10500000.0,4.45,4.83,1100000000.0,821400000.0,,محصولات کاغذی,2026-08-24,,,,,,,,,,,,,,,,,,,,51.1
اطلاعات و ارتباطات,1100000000.0,114500000000.0,102800000000.0,102900000000.0,39500000000.0,365900000.0,39100000000.0,2.44,79700000.0,50300000.0,1.58,89.85,89.85,-6600000.0,0.36,81.0,-12.02,6.96,130100000000.0,107000000000.0,82300000.0,81500000.0,60400000.0,61400000.0,1.36,1.33,2100000000.0,15300000000.0,,اطلاعات و ارتباطات,2026-08-24,,,,,,,,,,,,,,,,,,,,50.9
,,,,,,,,-0.15,,,6.1,94.77,100.0,,0.0,47.0,-66.97,-65.45,,,,,,,7.96,5.68,,,2,فرهنگی و ورزشی,2026-09-06,فرهنگی و ورزشی,2.49,0.35,0.33,0.35,0.05,0.14,-0.09,7.45,1.22,-0.02,1.05,1.0,26.2,27.2,3.29,4.79,0.06,-0.03,50.7
صندوق های شاخصی,86300000.0,238600000000.0,158500000000.0,116600000000.0,3300000000.0,8500000000.0,-5200000000.0,2.48,56800000.0,67200000.0,-1.18,66.44,48.87,41900000000.0,0.76,81.0,2.8,-1.81,232100000000.0,243000000000.0,66599999.99999999,72000000.0,87700000.0,99700000.0,-1.32,-1.39,7800000000.0,2800000000.0,,صندوق های شاخصی,2026-08-29,,,,,,,,,,,,,,,,,,,,50.6
,,,,,,,,1.67,,,1.34,94.38,91.17,,2.0,107.0,-28.99,-21.6,,,,,,,1.41,1.6,,,32,انبوه سازی,2026-09-06,انبوه سازی,1494.9,429.0,384.3,371.2,98.3,8.43,89.9,70.5,52.6,16.6,604.1,547.1,66.1,69.0,46.8,43.1,-16.4,3.3,50.5
انبوه سازی,1200000000.0,531200000000.00006,458800000000.0,440800000000.0,46300000000.0,9100000000.0,37200000000.0,1.18,77600000.0,59900000.0,1.29,93.59,89.92,11100000000.0,1.7,79.0,-9.9,3.51,589500000000.0,513200000000.00006,69200000.0,72600000.0,46100000.0,39000000.0,1.5,1.86,-7800000000.0,19000000000.0,,انبوه سازی,2026-08-24,,,,,,,,,,,,,,,,,,,,50.5
هنری و سرگرمی,14200000.0,6400000000.0,4900000000.0,1400000000.0,211200000.0,24500000.0,186700000.0,2.99,65900000.00000001,28300000.0,2.33,76.68,21.84,3500000000.0,0.02,107.0,54.94,40.66,4099999999.9999995,4500000000.0,49000000.0,62700000.0,41300000.0,56800000.0,1.19,1.1,-713500000.0,-237800000.0,,هنری و سرگرمی,2026-08-24,,,,,,,,,,,,,,,,,,,,50.5
هتل و رستوران,117300000.0,37100000000.0,34299999999.999996,30900000000.0,10400000000.0,4400000000.0,6000000000.0,2.21,74300000.0,44700000.0,1.66,92.44,83.36,3400000000.0,0.2,70.0,-69.81,-45.62,123000000000.0,68300000000.0,67700000.0,69800000.0,48200000.0,44300000.0,1.4,1.58,9400000000.0,7100000000.0,,هتل و رستوران,2026-08-25,,,,,,,,,,,,,,,,,,,,50.5
صنایع چرم,605700.0,14800000000.0,14500000000.0,14000000000.0,490200000.0,0.0,490200000.0,2.96,139400000.0,66200000.0,2.11,97.73,94.18,526799999.99999994,0.05,128.0,13.09,67.95,13100000000.0,8800000000.0,70900000.0,63800000.0,57000000.0,56600000.0,1.24,1.13,840500000.0,723200000.0,,صنایع چرم,2026-08-24,,,,,,,,,,,,,,,,,,,,50.5
ساخت دستگاههای ارتباطی,2300000.0,6300000000.0,6300000000.0,5800000000.0,25400000000.0,35900000.0,25400000000.0,2.98,243600000.0,41400000.0,5.89,100.0,91.45,541800000.0,0.03,71.0,-37.2,-45.02,10100000000.0,11500000000.0,40900000.0,51700000.0,38900000.0,44500000.0,1.05,1.16,22700000.0,-84900000.0,,ساخت دستگاههای ارتباطی,2026-08-25,,,,,,,,,,,,,,,,,,,,50.3
محصولات غذایی,1400000000.0,867200000000.0,654000000000.0,616000000000.0,178200000000.0,111800000000.0,66400000000.00001,-0.36,50600000.0,46700000.0,1.08,78.33,73.78,35000000000.0,2.7,59.0,-22.01,-21.92,1111900000000.0,1110600000000.0,56900000.0,58700000.0,33000000.0,41400000.0,1.73,1.42,-16399999999.999998,-10600000000.0,,محصولات غذایی,2026-08-24,,,,,,,,,,,,,,,,,,,,50.3
,,,,,,,,2.16,,,1.39,84.05,68.81,,3.4,85.0,-46.6,-37.37,,,,,,,1.2,1.44,,,47,محصولات غذایی,2026-09-06,محصولات غذایی,1031.5,742.6,619.5,507.2,397.5,13.3,384.2,66.8,48.3,113.1,1390.6,1185.8,57.8,57.3,48.1,39.8,-29.1,-12.9,50.3
,,,,,,,,2.21,,,1.35,75.27,54.02,,7.5,87.0,-48.73,-36.44,,,,,,,1.33,1.21,,,65,محصولات شیمیایی,2026-09-06,محصولات شیمیایی,1933.0,1632.9,1198.8,860.3,4405.6,167.5,4238.1,80.0,59.2,351.4,3184.8,2569.2,84.9,78.4,64.0,64.9,76.5,135.4,50.3
,,,,,,,,3.48,,,-1.45,78.21,62.06,,16.4,234.0,68.67,71.46,,,,,,,-1.51,-1.37,,,17,استخراج کانه های فلزی,2026-09-06,استخراج کانه های فلزی,7939.1,3557.6,2781.5,2207.4,1220.5,24.4,1196.1,136.6,197.5,574.1,2109.2,2074.9,85.9,88.8,129.3,121.3,-123.4,160.6,50.3
محصولات چوبی,6400000.0,18200000000.0,18200000000.0,15500000000.0,10300000000.0,0.0,10300000000.0,2.93,58700000.0,12200000.0,4.81,100.0,85.38,2700000000.0,0.06,53.0,-18.49,-34.88,22300000000.0,27900000000.0,61100000.0,51300000.0,21600000.0,33700000.0,2.83,1.52,-5600000.0,-1200000000.0,,محصولات چوبی,2026-08-29,,,,,,,,,,,,,,,,,,,,50.3
محصولات کاغذی,94700000.0,31400000000.0,22000000000.0,18200000000.0,31500000000.0,784400000.0,30700000000.0,2.29,60400000.0,28700000.0,2.1,99.93,82.66,3500000000.0,0.17,63.0,-49.73,-51.39,62400000000.0,64599999999.99999,44400000.0,50900000.0,10000000.0,10500000.0,4.45,4.83,1100000000.0,821400000.0,,محصولات کاغذی,2026-08-25,,,,,,,,,,,,,,,,,,,,50.1
,,,,,,,,2.38,,,1.19,86.37,67.63,,0.82,92.0,-38.32,-32.64,,,,,,,1.0,1.09,,,24,کانی های غیرفلزی,2026-09-06,کانی های غیرفلزی,334.8,178.3,154.0,120.6,158.7,7.27,151.5,67.2,56.4,33.4,289.1,264.7,68.3,72.0,68.3,66.0,-14.5,5.09,49.8
,,,,,,,,2.21,,,-1.02,89.31,88.55,,0.85,142.0,-33.76,4.09,,,,,,,1.07,1.14,,,13,لاستیک و پلاستیک,2026-09-06,لاستیک و پلاستیک,519.4,185.1,164.7,163.3,163.5,7.68,155.9,54.4,55.4,1.4,279.5,177.8,64.2,62.5,60.0,54.7,7.2,18.3,49.8
,,,,,,,,1.44,,,1.59,69.51,71.87,,2.7,71.0,-53.76,-47.6,,,,,,,1.77,2.01,,,65,سرمایه گذاریها,2026-09-06,سرمایه گذاریها,1142.1,584.8,395.5,409.0,778.3,33.4,744.9,68.1,42.8,-18.4,1264.6,1115.9,79.4,84.4,44.8,42.1,-86.8,25.9,49.6
کاشی و سرامیک,38300000.0,31600000000.0,21500000000.0,18000000000.0,101400000000.0,753800000.0,100700000000.0,2.77,72300000.0,49100000.0,1.47,92.42,77.17,5600000000.0,0.17,32.0,-76.12,-75.2,132400000000.0,127500000000.0,54200000.0,66500000.0,29900000.0,28800000.0,1.81,2.31,-3600000000.0,11200000000.0,,کاشی و سرامیک,2026-08-25,,,,,,,,,,,,,,,,,,,,49.6
سایر معادن,9000000.0,11900000000.0,10100000000.0,6400000000.0,310400000.0,44000000.0,266399999.99999997,2.0,35100000.0,11900000.0,2.96,97.49,62.08,4600000000.0,0.04,39.0,-43.45,-49.07,21000000000.0,23300000000.0,64099999.99999999,55200000.0,9400000.0,15300000.0,6.79,3.61,8700000000.0,8199999999.999999,,سایر معادن,2026-08-24,,,,,,,,,,,,,,,,,,,,49.4
,,,,,,,,2.92,,,-1.43,61.39,60.68,,0.11,184.0,9.99,34.98,,,,,,,1.81,1.01,,,1,حمل و نقل آبی,2026-09-06,حمل و نقل آبی,29.3,23.7,14.5,14.4,5.11,0.0,5.11,78.6,112.3,0.17,21.5,17.6,121.3,84.4,66.9,83.7,3.2,-0.6,49.2
صندوق های مختلط,488200000.0,1228000000000.0,52900000000.0,43600000000.0,11600000000.0,43300000000.0,-31700000000.0,0.34,115400000.0,116600000.0,-1.01,4.31,3.55,9300000000.0,3.8,426.0,539.86,459.72,191900000000.0,219400000000.0,123500000.0,102000000.0,89400000.0,93800000.0,1.38,1.09,14700000000.0,6700000000.0,,صندوق های مختلط,2026-08-24,,,,,,,,,,,,,,,,,,,,49.1
,,,,,,,,2.38,,,1.37,83.53,61.33,,6.7,54.0,-64.0,-60.37,,,,,,,1.06,1.05,,,53,فلزات اساسی,2026-09-06,فلزات اساسی,4577.7,1454.0,1173.5,861.6,5029.2,11.5,5017.7,82.2,59.9,322.4,4039.2,3668.8,87.3,81.3,82.4,77.7,8.96,355.6,49.1
,,,,,,,,1.3,,,1.32,72.95,76.67,,1.4,99.0,-52.51,-27.61,,,,,,,-1.05,1.18,,,13,تامین سرمایه و بورس,2026-09-06,تامین سرمایه و بورس,430.0,311.9,226.2,237.8,156.5,2.84,153.7,90.0,68.4,-11.5,656.9,430.9,77.4,81.4,81.3,68.7,-130.0,-6.52,49.1
استخراج نفت و گاز,132400000.0,74900000000.0,68599999999.99999,51300000000.0,291000000.0,143400000.0,147700000.0,2.72,92100000.0,55800000.0,1.65,91.66,68.57,17300000000.0,0.24,77.0,-7.44,-5.56,80900000000.0,79300000000.0,91300000.0,109400000.0,95500000.0,97500000.0,-1.05,1.12,-9200000000.0,5100000000.0,,استخراج نفت و گاز,2026-08-29,,,,,,,,,,,,,,,,,,,,49.0
,,,,,,,,2.46,,,1.21,89.48,65.05,,5.8,75.0,-52.94,-45.27,,,,,,,-1.41,-1.2,,,51,صنایع دارویی,2026-09-06,صنایع دارویی,968.0,1263.2,1127.7,819.8,824.0,10.3,813.7,90.5,74.6,307.9,2684.2,2307.9,68.0,84.6,96.0,101.5,-364.6,-16.5,48.9
,,,,,,,,1.66,,,1.18,93.92,93.41,,1.2,102.0,-41.99,-24.81,,,,,,,-1.06,-1.03,,,8,صندوق های املاک و مستغلات,2026-09-06,صندوق های املاک و مستغلات,156.2,255.2,239.6,238.3,22.2,4.07,18.2,162.9,138.3,1.3,440.0,339.4,139.3,124.9,147.2,128.3,11.9,11.2,48.8
,,,,,,,,2.45,,,1.08,84.21,57.58,,2.7,93.0,-41.96,-31.54,,,,,,,-1.23,-1.34,,,42,سیمان,2026-09-06,سیمان,230.5,592.9,481.4,329.1,571.9,13.1,558.7,66.5,61.5,165.4,1021.6,866.1,52.4,50.2,64.2,67.1,-1.15,-6.05,48.6
رایانه,247100000.0,213100000000.0,158000000000.0,171400000000.0,168400000000.0,67000000000.0,101400000000.0,1.27,73500000.0,46700000.0,1.57,75.36,81.74,-14700000000.0,0.66,73.0,9.03,-3.86,195500000000.0,221700000000.0,70000000.0,80200000.0,38500000.0,49800000.0,1.82,1.61,7100000000.0,16300000000.0,,رایانه,2026-08-24,,,,,,,,,,,,,,,,,,,,48.6
,,,,,,,,2.57,,,1.28,91.53,84.19,,0.25,53.0,-63.2,-61.26,,,,,,,1.94,2.31,,,8,کاشی و سرامیک,2026-09-06,کاشی و سرامیک,106.1,54.1,43.1,39.7,47.1,2.4,44.7,63.9,49.9,7.92,147.0,139.7,69.4,66.1,35.8,28.7,-7.89,5.91,48.6
,,,,,,,,1.72,,,1.15,91.83,65.94,,1.1,103.0,-38.88,-24.54,,,,,,,1.16,1.11,,,20,حمل ونقل و انبارداری,2026-09-06,حمل ونقل و انبارداری,447.6,245.2,224.6,161.3,132.5,28.2,104.3,84.7,73.8,63.3,401.3,325.0,94.7,86.6,81.5,77.9,40.8,28.3,48.6
صندوق های املاک و مستغلات,267100000.00000003,460200000000.0,397800000000.0,395500000000.0,7300000000.0,3000000000.0,4400000000.0,-0.82,129000000.0,128800000.00000001,1.0,86.45,85.95,2300000000.0,1.5,126.0,14.5,51.14,401900000000.0,304500000000.0,135200000.0,119000000.0,131600000.0,120100000.0,1.03,-1.01,17600000000.0,12700000000.0,,صندوق های املاک و مستغلات,2026-08-29,,,,,,,,,,,,,,,,,,,,48.2
,,,,,,,,2.1,,,-1.12,83.38,100.0,,0.08,142.0,-24.02,3.86,,,,,,,-1.05,-1.33,,,2,پیمانکاری صنعتی,2026-09-06,پیمانکاری صنعتی,29.8,18.3,15.2,18.3,0.58,0.7,-0.12,59.9,67.4,-3.03,24.1,17.6,59.7,52.0,62.9,69.1,0.94,0.04,48.2
,,,,,,,,1.45,,,1.07,86.66,85.75,,8.4,118.0,-36.76,-13.53,,,,,,,1.2,1.32,,,41,خودرو و ساخت قطعات,2026-09-06,خودرو و ساخت قطعات,16739.9,1831.3,1564.2,1547.8,715.4,22.5,692.9,104.0,97.3,19.8,2895.7,2117.8,97.8,97.4,81.3,73.9,-203.8,5.91,48.0
رایانه,137000000.0,110200000000.0,79300000000.0,89300000000.0,370000000000.0,46000000000.0,324000000000.0,1.66,57800000.0,39700000.0,1.45,71.94,81.0,-10000000000.0,0.58,64.0,-43.62,-50.29,195500000000.0,221700000000.0,70000000.0,80200000.0,38500000.0,49800000.0,1.82,1.61,7100000000.0,16300000000.0,,رایانه,2026-08-25,,,,,,,,,,,,,,,,,,,,48.0
,,,,,,,,0.29,,,1.17,96.4,94.41,,0.12,111.0,-12.33,-18.36,,,,,,,1.42,1.43,,,3,محصولات چوبی,2026-09-06,محصولات چوبی,19.3,25.9,24.9,24.3,0.5,0.97,-0.47,33.1,28.2,0.51,29.6,31.7,39.5,48.9,27.9,34.3,-0.57,-1.71,47.9
,,,,,,,,2.13,,,-3.19,95.53,32.39,,1.8,318.0,128.94,133.5,,,,,,,-1.21,-1.35,,,3,فراصندوق ها,2026-09-06,فراصندوق ها,78.3,382.6,365.0,123.8,4.38,6.59,-2.21,61.3,195.8,241.3,167.1,163.9,97.6,97.3,118.4,131.6,30.9,29.7,47.8
,,,,,,,,2.51,,,1.1,98.44,98.44,,0.02,64.0,-58.67,-53.18,,,,,,,-1.55,-1.06,,,1,صنایع چرم,2026-09-06,صنایع چرم,0.19,4.87,4.8,4.8,0.28,0.93,-0.66,39.6,36.1,0.0,11.8,10.4,39.8,54.5,61.8,58.0,-0.66,0.48,47.3
کاشی و سرامیک,190500000.0,98000000000.0,63300000000.0,55300000000.0,56900000000.0,962100000.0,55900000000.0,2.27,73000000.0,60400000.0,1.21,80.13,69.96,4500000000.0,0.3,59.0,-25.97,-23.13,132400000000.0,127500000000.0,54200000.0,66500000.0,29900000.0,28800000.0,1.81,2.31,-3600000000.0,11200000000.0,,کاشی و سرامیک,2026-08-24,,,,,,,,,,,,,,,,,,,,47.3
,,,,,,,,2.04,,,1.09,94.08,83.36,,0.43,80.0,-48.53,-41.15,,,,,,,1.08,-1.01,,,18,قند و شکر,2026-09-06,قند و شکر,187.9,92.9,86.9,77.0,61.9,7.04,54.8,47.6,43.7,9.91,180.5,157.9,48.6,51.2,44.9,51.5,11.0,7.64,47.2
,,,,,,,,0.0,,,0.0,100.0,100.0,,0.0,0.0,0.0,0.0,,,,,,,0.0,0.0,,,0,واسطه‌گری‌های مالی,2026-09-06,واسطه‌گری‌های مالی,0.0,0.0,0.0,0.0,0.0,0.0,0.0,0.0,0.0,0.0,0.0,0.0,0.0,0.0,0.0,0.0,0.0,0.0,47.2
,,,,,,,,1.58,,,1.17,73.8,70.25,,1.5,81.0,-45.13,-40.84,,,,,,,1.22,1.21,,,24,زراعت,2026-09-06,زراعت,292.7,331.9,229.1,218.1,27.9,9.69,18.3,48.6,41.7,11.0,605.0,561.1,48.8,58.4,40.0,48.2,-80.4,-55.0,47.1
,,,,,,,,2.99,,,-1.11,39.36,59.28,,0.24,98.0,-12.14,-27.87,,,,,,,-2.18,-1.62,,,2,خرده فروشی,2026-09-06,خرده فروشی,76.6,52.8,20.8,31.3,8.61,0.07,8.55,62.8,69.6,-10.5,60.1,73.3,35.6,55.4,77.8,90.0,-10.7,-4.03,47.0
صنایع نیروگاهی,609800000.0,351000000000.0,209700000000.0,250800000000.0,498300000000.0,41400000000.0,456900000000.0,0.14,64599999.99999999,34900000.0,1.85,72.81,87.08,-11800000000.0,1.1,107.0,-40.73,26.45,592200000000.0,277600000000.0,114100000.0,108300000.0,50300000.0,32400000.0,2.27,3.34,-29800000000.0,28900000000.0,,صنایع نیروگاهی,2026-08-29,,,,,,,,,,,,,,,,,,,,46.7
,,,,,,,,2.88,,,-1.02,94.77,94.39,,1.3,76.0,-57.42,-43.86,,,,,,,-1.11,-1.22,,,1,صندوق های انرژی,2026-09-06,صندوق های انرژی,43.2,275.1,260.5,259.5,0.68,0.2,0.49,147.7,151.2,1.03,646.2,490.1,133.3,115.8,148.1,141.2,19.9,-5.54,46.3
,,,,,,,,2.19,,,-1.03,82.02,75.43,,8.4,96.0,-33.88,-29.89,,,,,,,-1.2,-1.27,,,61,صندوق های بخشی,2026-09-06,صندوق های بخشی,277.7,1824.6,1491.5,1371.6,340.9,50.4,290.5,132.9,137.0,119.9,2759.5,2602.4,108.0,110.7,129.9,140.6,-163.7,-54.4,46.3
پیمانکاری صنعتی,14400000.0,40800000000.0,40500000000.0,35300000000.0,2300000000.0,0.0,2300000000.0,2.99,68500000.0,82100000.0,-1.2,99.37,86.52,5200000000.0,0.13,248.0,49.34,176.24,27300000000.0,14800000000.0,61400000.0,48800000.0,88800000.0,69500000.0,-1.45,-1.42,206800000.0,69900000.0,,پیمانکاری صنعتی,2026-08-29,,,,,,,,,,,,,,,,,,,,46.2
صندوق های سهامی-کلاسیک,274000000.0,1105400000000.0,590800000000.0,491200000000.0,109000000000.0,59700000000.0,49300000000.0,0.62,70500000.0,117300000.0,-1.66,53.44,44.44,99500000000.0,3.4,55.0,-6.05,-28.29,1176600000000.0,1541500000000.0,54700000.0,68700000.0,135100000.0,164000000.0,-2.47,-2.39,-146600000000.0,54400000000.0,,صندوق های سهامی-کلاسیک,2026-08-24,,,,,,,,,,,,,,,,,,,,45.6
,,,,,,,,2.91,,,-1.09,93.03,95.16,,0.32,73.0,-53.6,-46.74,,,,,,,1.38,1.31,,,4,اطلاعات و ارتباطات,2026-09-06,اطلاعات و ارتباطات,119.5,69.1,64.2,65.7,5.45,1.27,4.18,79.1,86.6,-1.47,148.8,129.6,81.9,80.6,59.2,61.7,10.5,4.83,45.4
,,,,,,,,2.28,,,-1.14,79.05,64.07,,8.6,94.0,-46.11,-31.36,,,,,,,-1.48,-1.43,,,12,فراورده های نفتی,2026-09-06,فراورده های نفتی,1461.7,1871.4,1477.1,1197.1,648.0,13.6,634.4,96.3,110.2,280.0,3472.4,2726.2,91.7,90.8,135.9,129.6,-45.0,2.11,45.3
صنایع چرم,211100.0,5300000000.0,5300000000.0,3800000000.0,4200000000.0,0.0,4200000000.0,2.98,63400000.0,34800000.0,1.82,100.0,71.31,1500000000.0,0.03,78.0,-59.41,-39.72,13100000000.0,8800000000.0,70900000.0,63800000.0,57000000.0,56600000.0,1.24,1.13,840500000.0,723200000.0,,صنایع چرم,2026-08-25,,,,,,,,,,,,,,,,,,,,45.3
حمل و نقل آبی,30900000.0,21900000000.0,11200000000.0,8800000000.0,144000000.0,818100000.0,-674000000.0,-0.42,93400000.0,44400000.0,2.1,51.13,40.14,2400000000.0,0.07,90.0,12.63,39.61,19500000000.0,15700000000.0,74300000.0,76500000.0,56400000.0,84800000.0,1.32,-1.11,1500000000.0,-1100000000.0,,حمل و نقل آبی,2026-08-29,,,,,,,,,,,,,,,,,,,,45.0
,,,,,,,,2.7,,,-1.03,71.81,77.35,,0.62,55.0,-61.05,-59.81,,,,,,,-2.43,-1.2,,,5,خدمات فنی و مهندسی,2026-09-06,خدمات فنی و مهندسی,151.5,135.3,97.1,104.6,17.4,1.59,15.8,84.1,86.4,-7.49,347.3,336.6,69.6,123.3,169.2,147.7,-136.2,-0.39,44.9
فرهنگی و ورزشی,6900000.0,843900000.0,843900000.0,622700000.0,54700000.0,1100000000.0,-1000000000.0,1.98,24800000.0,2500000.0,10.12,100.0,73.79,221200000.0,0.0,79.0,4.41,-5.41,808300000.0,892200000.0,23200000.0,26500000.0,2700000.0,5000000.0,8.61,5.32,190000000.0,4300000.0,,فرهنگی و ورزشی,2026-08-29,,,,,,,,,,,,,,,,,,,,44.6
,,,,,,,,2.2,,,-1.21,86.69,96.16,,15.5,90.0,-47.49,-33.94,,,,,,,-1.38,-1.25,,,9,صندوق های اهرمی,2026-09-06,صندوق های اهرمی,640.0,3376.3,2922.2,3241.7,141.3,8.61,132.7,199.6,241.9,-319.5,6429.8,5111.3,216.8,227.2,298.4,283.4,142.3,14.0,44.3
بیمه,566500000.0,166400000000.0,147800000000.0,145800000000.0,96700000000.0,11600000000.0,85100000000.0,1.43,79100000.0,67300000.0,1.17,88.86,87.64,2000000000.0,0.88,110.0,-30.9,-14.55,240700000000.0,194700000000.0,61800000.0,65500000.0,53100000.0,54400000.0,1.16,1.2,-13900000000.0,12200000000.0,,بیمه,2026-08-25,,,,,,,,,,,,,,,,,,,,43.9
ساخت محصولات فلزی,402500000.0,108200000000.0,98100000000.0,96200000000.0,42600000000.0,3600000000.0,39000000000.0,2.01,90200000.0,42000000.0,2.15,90.76,89.06,1800000000.0,0.57,70.0,-66.14,-45.94,319600000000.0,200200000000.0,84100000.0,85300000.0,64900000.00000001,59100000.0,1.3,1.44,-14500000000.0,811500000.0,,ساخت محصولات فلزی,2026-08-25,,,,,,,,,,,,,,,,,,,,43.9
,,,,,,,,0.61,,,-2.01,10.58,22.97,,1.4,155.0,-14.27,13.98,,,,,,,2.69,1.59,,,9,صندوق های مختلط,2026-09-06,صندوق های مختلط,75.4,314.0,33.2,72.1,13.5,17.9,-4.39,97.1,194.9,-38.9,366.2,275.5,243.7,147.4,90.7,92.5,87.4,31.4,43.8
صندوق های سهامی-کلاسیک,85000000.0,411400000000.0,272899999999.99997,219000000000.0,110200000000.0,63700000000.0,46400000000.0,1.54,76600000.0,90700000.0,-1.18,66.42,53.31,53900000000.0,2.2,34.0,-65.04,-73.31,1176600000000.0,1541500000000.0,54700000.0,68700000.0,135100000.0,164000000.0,-2.47,-2.39,-146600000000.0,54400000000.0,,صندوق های سهامی-کلاسیک,2026-08-25,,,,,,,,,,,,,,,,,,,,43.8
,,,,,,,,2.16,,,-1.31,82.67,81.43,,28.8,88.0,-43.07,-35.1,,,,,,,-1.3,-1.42,,,150,صندوق های سهامی,2026-09-06,صندوق های سهامی,1146.2,6257.8,5163.6,5085.9,651.3,144.8,506.5,142.9,187.2,77.7,10991.1,9641.7,154.5,142.9,201.2,202.9,-256.1,-24.5,43.6
قند و شکر,223400000.0,115000000000.0,104300000000.0,101200000000.0,35800000000.0,13700000000.0,22000000000.0,1.2,52300000.0,58000000.0,-1.11,90.7,88.02,3100000000.0,0.61,121.0,-15.02,-5.88,135400000000.0,122200000000.0,40900000.0,54700000.0,47000000.0,52800000.0,-1.15,1.04,1800000000.0,10600000000.0,,قند و شکر,2026-08-25,,,,,,,,,,,,,,,,,,,,43.4
,,,,,,,,0.12,,,1.08,31.55,54.33,,46.1,36.0,-76.74,-73.86,,,,,,,1.76,1.52,,,91,صندوق های درآمد ثابت,2026-09-06,صندوق های درآمد ثابت,3305.0,10022.8,3154.9,5433.5,51454.6,6924.8,44529.9,237.0,220.2,-2278.7,43083.7,38336.3,195.8,208.9,110.9,137.4,1264.5,405.8,43.1
,,,,,,,,1.47,,,-1.33,82.4,70.76,,0.92,101.0,-42.99,-25.87,,,,,,,-1.93,-1.04,,,2,مخابرات,2026-09-06,مخابرات,1640.3,198.9,163.8,140.7,4.97,2.08,2.89,64.0,84.9,23.1,348.9,268.3,81.6,145.4,157.3,151.3,-79.5,18.6,43.0
محصولات چوبی,5000000.0,9400000000.0,9400000000.0,7700000000.0,22200000000.0,2600000000.0,19600000000.0,0.98,52700000.0,17100000.0,3.09,100.0,81.59,1700000000.0,0.05,44.0,-72.9,-66.18,34700000000.0,27800000000.0,51800000.0,49500000.0,31300000.0,37600000.0,1.65,1.32,-1900000000.0,-1300000000.0,,محصولات چوبی,2026-08-25,,,,,,,,,,,,,,,,,,,,42.9
صندوق های سهامی-کلاسیک,290400000.0,1536500000000.0,786700000000.0,806500000000.0,111100000000.0,78400000000.0,32700000000.000004,1.43,74200000.0,130100000.0,-1.75,51.2,52.49,-19800000000.0,4.9,84.0,16.73,3.07,1316200000000.0,1490700000000.0,78600000.0,64700000.0,120400000.0,152700000.0,-1.53,-2.36,145000000000.0,87800000000.0,,صندوق های سهامی-کلاسیک,2026-08-29,,,,,,,,,,,,,,,,,,,,42.7
مخابرات,6900000000.0,704600000000.0,550900000000.0,632200000000.0,74900000000.0,1900000000.0,73000000000.0,0.03,130500000.0,187200000.0,-1.43,78.18,89.73,-81300000000.0,2.2,283.0,160.56,271.71,270399999999.99997,189600000000.0,175500000.0,182700000.0,160000000.0,134199999.99999999,1.1,1.36,22900000000.0,43800000000.0,,مخابرات,2026-08-24,,,,,,,,,,,,,,,,,,,,42.6
صندوق های انرژی,53300000.0,298500000000.0,296900000000.0,278300000000.0,297400000.0,1000000000.0,-716000000.0,2.59,125100000.0,99400000.0,1.26,99.47,93.22,18600000000.0,0.95,56.0,-28.3,-29.75,416300000000.0,424900000000.0,100800000.0,108500000.0,126100000.0,138000000.0,-1.25,-1.27,-16300000000.0,-11900000000.0,,صندوق های انرژی,2026-08-29,,,,,,,,,,,,,,,,,,,,42.4
سیمان,221900000.0,496600000000.0,288500000000.0,329300000000.0,264700000000.0,100000000000.0,164700000000.0,2.47,58900000.0,59900000.0,-1.02,58.21,66.44,-40800000000.0,2.6,81.0,-33.5,-37.31,746800000000.0,792200000000.0,46700000.0,48000000.0,66000000.0,70100000.0,-1.41,-1.46,7900000000.0,-6100000000.0,,سیمان,2026-08-25,,,,,,,,,,,,,,,,,,,,42.3
,,,,,,,,2.13,,,-1.25,57.07,51.73,,3.1,61.0,-51.74,-55.24,,,,,,,-1.67,-2.45,,,77,صندوق های سهامی-کلاسیک,2026-09-06,صندوق های سهامی-کلاسیک,150.2,674.3,384.8,348.8,164.8,79.1,85.6,89.2,111.7,36.0,1397.3,1506.3,75.2,59.9,125.7,146.9,-219.9,0.14,42.1
,,,,,,,,0.25,,,-1.8,63.86,75.95,,16.0,126.0,-37.68,-7.3,,,,,,,-1.39,-1.11,,,16,بانکها,2026-09-06,بانکها,28282.0,3468.8,2210.9,2629.6,572.5,26.9,545.6,89.0,160.7,-418.7,5566.3,3742.1,149.3,143.3,207.5,159.2,-321.5,66.3,42.1
عمده فروشی,2200000.0,1200000000.0,1200000000.0,1200000000.0,4600000000.0,125100000.0,4500000000.0,2.94,73400000.0,49900000.0,1.47,100.0,100.0,0.0,0.01,94.0,-49.42,-27.44,2500000000.0,1700000000.0,44600000.0,43400000.0,110200000.0,62900000.0,-2.47,-1.45,-130600000.0,-15000000.0,,عمده فروشی,2026-08-25,,,,,,,,,,,,,,,,,,,,41.6
,,,,,,,,0.0,,,0.0,100.0,100.0,,0.0,0.0,-100.0,-100.0,,,,,,,-1.36,-1.35,,,0,صندوق های طلا و سکه,2026-09-06,صندوق های طلا و سکه,0.0,0.0,0.0,0.0,9.32,8.94,0.37,0.0,0.0,0.0,23630.4,17135.5,174.7,161.4,238.1,217.3,511.7,289.7,41.4
,,,,,,,,0.0,,,0.0,100.0,100.0,,0.0,0.0,-100.0,-100.0,,,,,,,-1.2,-1.55,,,0,صندوق های زعفران,2026-09-06,صندوق های زعفران,0.0,0.0,0.0,0.0,0.28,1.83,-1.55,0.0,0.0,0.0,180.3,202.2,72.5,61.2,87.0,94.5,3.68,36.8,41.4
,,,,,,,,0.0,,,0.0,100.0,100.0,,0.0,0.0,-100.0,-100.0,,,,,,,-1.24,1.06,,,0,هنری و سرگرمی,2026-09-06,هنری و سرگرمی,0.0,0.0,0.0,0.0,0.0,0.0,0.0,0.0,0.0,0.0,5.47,5.0,57.1,60.7,70.6,57.0,-2.08,-0.84,41.4
,,,,,,,,0.0,,,0.0,100.0,100.0,,0.0,0.0,-100.0,-100.0,,,,,,,-1.64,-1.48,,,0,صندوق های شاخصی,2026-09-06,صندوق های شاخصی,0.0,0.0,0.0,0.0,0.0,0.0,0.0,0.0,0.0,0.0,237.4,257.8,51.5,67.5,84.8,100.2,-45.7,-13.9,41.4
,,,,,,,,0.0,,,0.0,100.0,100.0,,0.0,0.0,-100.0,-100.0,,,,,,,-1.35,-1.41,,,0,صندوق های نقره,2026-09-06,صندوق های نقره,0.0,0.0,0.0,0.0,2.64,1.91,0.73,0.0,0.0,0.0,1506.3,1304.7,72.9,69.7,98.2,98.4,-32.7,-7.97,41.4
لاستیک و پلاستیک,223400000.0,118000000000.0,101400000000.0,96200000000.0,15800000000.0,30100000000.0,-14300000000.0,1.46,55400000.0,45300000.0,1.22,85.95,81.57,5200000000.0,0.37,66.0,-19.68,-13.25,146900000000.0,136000000000.0,54800000.0,64200000.0,52600000.0,50800000.0,1.04,1.26,2200000000.0,23000000000.0,,لاستیک و پلاستیک,2026-08-24,,,,,,,,,,,,,,,,,,,,41.2
سیمان,304400000.0,650000000000.0,508600000000.0,485500000000.0,32000000000.0,60100000000.0,-28100000000.0,-0.19,42800000.0,61700000.0,-1.44,78.25,74.69,23100000000.0,2.0,63.0,-12.96,-17.95,746800000000.0,792200000000.0,46700000.0,48000000.0,66000000.0,70100000.0,-1.41,-1.46,7900000000.0,-6100000000.0,,سیمان,2026-08-24,,,,,,,,,,,,,,,,,,,,40.9
محصولات چوبی,9900000.0,17700000000.0,14300000000.0,16000000000.0,13000000000.0,250100000.0,12800000000.0,1.52,68600000.0,20300000.0,3.38,81.16,90.5,-1700000000.0,0.05,48.0,-49.09,-36.48,34700000000.0,27800000000.0,51800000.0,49500000.0,31300000.0,37600000.0,1.65,1.32,-1900000000.0,-1300000000.0,,محصولات چوبی,2026-08-24,,,,,,,,,,,,,,,,,,,,40.8
استخراج نفت و گاز,129000000.0,69100000000.0,34500000000.0,37200000000.0,26500000000.0,81300000.0,26400000000.0,2.88,153900000.0,101800000.0,1.51,49.87,53.75,-2700000000.0,0.36,117.0,-50.22,-8.88,138900000000.0,75900000000.0,98000000.0,99800000.0,124700000.0,100400000.0,-1.27,-1.01,-23900000000.0,5800000000.0,,استخراج نفت و گاز,2026-08-25,,,,,,,,,,,,,,,,,,,,40.5
صندوق های طلا و سکه,2600000000.0,25952000000000.0,18395200000000.0,21009500000000.0,74600000000.0,43700000000.0,30900000000.0,-0.11,131900000.0,265800000.0,-2.02,70.88,80.96,-2614400000000.0,80.7,172.0,14.33,125.7,22699500000000.0,11498500000000.0,176800000.0,134100000.0,227200000.0,192600000.0,-1.28,-1.44,1084400000000.0001,425700000000.0,,صندوق های طلا و سکه,2026-08-24,,,,,,,,,,,,,,,,,,,,40.0
صندوق های مختلط,95200000.0,387100000000.0,46400000000.0,61400000000.0,44200000000.0,43800000000.0,341500000.0,0.54,89100000.0,100200000.0,-1.12,11.99,15.85,-14900000000.0,1.2,134.0,21.93,65.21,317500000000.0,234300000000.0,124200000.0,106600000.0,98400000.0,94100000.0,1.26,1.13,23400000000.0,9300000000.0,,صندوق های مختلط,2026-08-29,,,,,,,,,,,,,,,,,,,,39.6
ساخت محصولات فلزی,1200000000.0,323500000000.0,277800000000.0,271100000000.00003,6300000000.0,4500000000.0,1800000000.0,0.41,71600000.0,84600000.0,-1.18,90.6,88.42,6800000000.0,1.0,123.0,28.18,42.58,252400000000.0,226900000000.0,69000000.0,83300000.0,47500000.0,57300000.0,1.45,1.45,-3800000000.0,179300000.0,,ساخت محصولات فلزی,2026-08-29,,,,,,,,,,,,,,,,,,,,39.5
سلامت و مددکاری,26800000.0,8400000000.0,6400000000.0,8400000000.0,0.0,181400000.0,-181400000.0,-2.8,41800000.0,15400000.0,2.72,75.7,100.0,-2000000000.0,0.03,125.0,71.71,63.48,4900000000.0,5100000000.0,21300000.0,33800000.0,6600000.0,9200000.0,3.21,3.66,-1200000000.0,-1300000000.0,,سلامت و مددکاری,2026-08-24,,,,,,,,,,,,,,,,,,,,39.5
هنری و سرگرمی,3800000.0,1800000000.0,1800000000.0,1800000000.0,326700000.0,0.0,326700000.0,2.99,44900000.0,28700000.0,1.56,100.0,96.91,56800000.0,0.01,31.0,-56.37,-60.48,4200000000.0,4700000000.0,60300000.0,63300000.0,41600000.0,53100000.0,1.45,1.19,6800000.0,-313200000.0,,هنری و سرگرمی,2026-08-29,,,,,,,,,,,,,,,,,,,,39.1
عمده فروشی,326800.0,194100000.0,32600000.0,194100000.0,598500000.0,125100000.0,473400000.0,2.95,16300000.0,6300000.0,2.6,16.8,100.0,-161500000.0,0.0,10.0,-93.01,-87.62,2800000000.0,1600000000.0,46200000.0,46000000.0,72900000.0,59500000.0,-1.58,-1.29,-162900000.0,-40700000.0,,عمده فروشی,2026-08-29,,,,,,,,,,,,,,,,,,,,39.1
چند رشته ای صنعتی,1200000000.0,530100000000.0,268399999999.99997,275500000000.0,145400000000.0,2100000000.0,143300000000.0,2.7,126400000.0,83600000.0,1.51,50.84,52.19,-7100000000.0,2.8,68.0,-53.89,-47.12,1149800000000.0,1002600000000.0,76800000.0,112000000.0,117700000.0,122100000.0,-1.53,-1.09,-151100000000.0,-24200000000.0,,چند رشته ای صنعتی,2026-08-25,,,,,,,,,,,,,,,,,,,,38.9
مخابرات,854100000.0,365000000000.0,196500000000.0,259500000000.0,157700000000.0,761100000.0,157000000000.0,0.0,103700000.0,144400000.0,-1.39,53.84,71.08,-62900000000.0,1.2,150.0,22.12,69.87,298900000000.0,214900000000.0,146600000.0,186600000.0,151600000.0,138400000.0,-1.03,1.35,2400000000.0,44400000000.0,,مخابرات,2026-08-29,,,,,,,,,,,,,,,,,,,,38.9
صندوق های نقره,0.0,0.0,0.0,0.0,4600000000.0,1800000000.0,2700000000.0,0.0,0.0,0.0,0.0,100.0,100.0,0.0,0.0,0.0,-100.0,-100.0,1510900000000.0,965400000000.0,75000000.0,63300000.0,101500000.0,93500000.0,-1.35,-1.48,40100000000.0,17200000000.0,,صندوق های نقره,2026-08-25,,,,,,,,,,,,,,,,,,,,38.8
صندوق های بخشی,599000000.0,2571300000000.0,1630200000000.0,1658400000000.0,510800000000.0,49800000000.0,461000000000.0,1.82,94400000.0,112100000.0,-1.19,63.4,64.49,-28200000000.0,8.2,86.0,-5.32,7.77,2715800000000.0,2386000000000.0,111700000.0,107700000.0,135900000.0,140600000.0,-1.22,-1.31,-17000000000.0,-23000000000.0,,صندوق های بخشی,2026-08-29,,,,,,,,,,,,,,,,,,,,38.1
کانی های غیرفلزی,568700000.0,249300000000.0,215000000000.0,222400000000.0,77700000000.0,6100000000.0,71600000000.0,0.15,62100000.0,61200000.0,1.02,86.24,89.19,-7400000000.0,0.77,77.0,-1.95,1.57,254300000000.0,245500000000.0,64599999.99999999,73900000.0,63300000.0,68500000.0,1.02,1.08,-2500000000.0,8800000000.0,,کانی های غیرفلزی,2026-08-24,,,,,,,,,,,,,,,,,,,,38.1
نساجی,32299999.999999996,33700000000.000004,28000000000.0,26000000000.0,5100000000.0,9900000000.0,-4800000000.0,-0.14,56300000.0,16600000.000000002,3.39,83.05,76.98,2000000000.0,0.1,65.0,-28.57,-15.1,47200000000.0,39700000000.0,78400000.0,76900000.0,24300000.0,25500000.0,3.23,3.01,-4300000000.0,749100000.0,,نساجی,2026-08-24,,,,,,,,,,,,,,,,,,,,37.8
پیمانکاری صنعتی,7900000.0,37000000000.0,37000000000.0,37000000000.0,56500000.0,162300000.0,-105800000.0,3.0,102600000.0,146200000.0,-1.42,100.0,99.84,58800000.0,0.12,241.0,121.75,216.3,16700000000.0,11700000000.0,50100000.0,44000000.0,67300000.0,63800000.0,-1.34,-1.45,-118200000.0,-32100000.0,,پیمانکاری صنعتی,2026-08-24,,,,,,,,,,,,,,,,,,,,37.7
حمل و نقل آبی,16500000.0,11500000000.0,9500000000.0,4000000000.0,51600000.0,843800000.0,-792200000.0,1.31,79000000.0,60100000.0,1.31,82.11,34.37,5500000000.0,0.04,44.0,-23.43,-41.74,15100000000.0,19800000000.0,71600000.0,82900000.0,86600000.0,124900000.0,-1.21,-1.51,-979100000.0,-4099999999.9999995,,حمل و نقل آبی,2026-08-24,,,,,,,,,,,,,,,,,,,,37.1
فرهنگی و ورزشی,4800000.0,572800000.0,572800000.0,572800000.0,4900000.0,12500000.0,-7600000.0,-1.97,16800000.0,7700000.0,2.18,100.0,100.0,0.0,0.0,56.0,-56.49,-26.28,1300000000.0,777000000.0,39400000.0,24500000.0,11500000.0,5800000.0,3.44,4.19,-117700000.0,-63700000.0,,فرهنگی و ورزشی,2026-08-24,,,,,,,,,,,,,,,,,,,,37.0
چند رشته ای صنعتی,1900000000.0,884400000000.0,417700000000.0,432200000000.0,77600000000.0,6600000000.0,71000000000.0,1.91,81400000.0,56900000.0,1.43,47.23,48.87,-14500000000.0,2.8,71.0,-10.65,-12.6,989900000000.0,1011900000000.0,81600000.0,111800000.0,89500000.0,112500000.0,-1.1,-1.01,-93600000000.0,-28700000000.0,,چند رشته ای صنعتی,2026-08-29,,,,,,,,,,,,,,,,,,,,36.9
صندوق های انرژی,24000000.0,135600000000.0,135600000000.0,129300000000.00002,1400000000.0,1000000000.0,397400000.0,1.29,134100000.0,107200000.0,1.25,99.91,95.29,6300000000.0,0.71,41.0,-68.71,-67.98,433600000000.0,423600000000.0,125500000.0,107900000.0,131800000.00000001,140300000.0,-1.05,-1.3,-26800000000.0,-11400000000.0,,صندوق های انرژی,2026-08-25,,,,,,,,,,,,,,,,,,,,34.7
رایانه,268000000.0,249600000000.0,156900000000.0,201600000000.0,73500000000.0,70300000000.0,3200000000.0,1.63,63200000.0,38700000.0,1.64,65.49,84.12,-43000000000.0,0.8,97.0,12.2,19.09,222400000000.0,209600000000.0,67700000.0,72500000.0,35800000.0,42900000.0,1.89,1.69,-15900000000.0,8600000000.0,,رایانه,2026-08-29,,,,,,,,,,,,,,,,,,,,34.0
زراعت,290200000.0,347700000000.0,186700000000.0,199500000000.0,96200000000.0,20600000000.0,75500000000.0,2.12,57300000.0,51800000.0,1.11,55.54,59.36,-12400000000.0,1.8,81.0,-42.31,-37.47,602800000000.0,556100000000.0,60100000.0,65099999.99999999,55200000.0,62700000.0,1.09,1.04,-65300000000.0,-54400000000.0,,زراعت,2026-08-25,,,,,,,,,,,,,,,,,,,,33.7
واسطه‌گری‌های مالی,0.0,0.0,0.0,0.0,0.0,0.0,0.0,0.0,0.0,0.0,0.0,100.0,100.0,0.0,0.0,0.0,0.0,0.0,0.0,0.0,0.0,0.0,0.0,0.0,0.0,0.0,0.0,0.0,,واسطه‌گری‌های مالی,2026-08-29,,,,,,,,,,,,,,,,,,,,33.6
واسطه‌گری‌های مالی,0.0,0.0,0.0,0.0,0.0,0.0,0.0,0.0,0.0,0.0,0.0,100.0,100.0,0.0,0.0,0.0,0.0,0.0,0.0,0.0,0.0,0.0,0.0,0.0,0.0,0.0,0.0,0.0,,واسطه‌گری‌های مالی,2026-08-24,,,,,,,,,,,,,,,,,,,,33.6
صنایع چرم,577400.0,15100000000.0,14200000000.0,14200000000.0,95000000.0,558300000.0,-463200000.0,0.85,42900000.0,60600000.0,-1.41,93.55,93.57,-2600000.0,0.05,133.0,13.33,55.9,13400000000.0,9700000000.0,74400000.0,63700000.0,64200000.0,56800000.0,1.16,1.12,1200000000.0,812300000.0,,صنایع چرم,2026-08-29,,,,,,,,,,,,,,,,,,,,33.4
ساخت محصولات فلزی,1000000000.0,291300000000.0,234800000000.0,235900000000.0,18600000000.0,9300000000.0,9400000000.0,0.67,77900000.0,87500000.0,-1.12,83.29,83.72,-1600000000.0,0.91,111.0,-8.86,45.53,319600000000.0,200200000000.0,84100000.0,85300000.0,64900000.00000001,59100000.0,1.3,1.44,-14500000000.0,811500000.0,,ساخت محصولات فلزی,2026-08-24,,,,,,,,,,,,,,,,,,,,32.8
بانکها,17500000000.0,2744900000000.0,1688100000000.0,1777600000000.0,826900000000.0,12000000000.0,814900000000.0,0.45,112500000.0,128699999.99999999,-1.14,61.5,64.76,-89500000000.0,8.5,72.0,-14.77,-4.96,3220400000000.0,2888000000000.0,131100000.0,134700000.0,135300000.0,136700000.0,-1.03,-1.02,-76000000000.0,217000000000.0,,بانکها,2026-08-24,,,,,,,,,,,,,,,,,,,,32.8
قند و شکر,234600000.0,107600000000.0,93800000000.0,88500000000.0,6400000000.0,45800000000.0,-39300000000.0,-1.36,36500000.0,46900000.0,-1.29,87.11,82.22,5300000000.0,0.33,67.0,-20.48,-11.93,135400000000.0,122200000000.0,40900000.0,54700000.0,47000000.0,52800000.0,-1.15,1.04,1800000000.0,10600000000.0,,قند و شکر,2026-08-24,,,,,,,,,,,,,,,,,,,,32.7
بیمه,904700000.0,275300000000.0,180700000000.0,210600000000.0,19900000000.0,7900000000.0,12000000000.0,0.76,65400000.00000001,60600000.0,1.08,65.65,76.49,-29900000000.0,0.86,108.0,14.36,41.41,240700000000.0,194700000000.0,61800000.0,65500000.0,53100000.0,54400000.0,1.16,1.2,-13900000000.0,12200000000.0,,بیمه,2026-08-24,,,,,,,,,,,,,,,,,,,,32.5
هنری و سرگرمی,5000000.0,2300000000.0,839900000.0,2000000000.0,142500000.0,110500000.0,32000000.0,2.91,38200000.0,37400000.0,1.02,36.35,87.48,-1200000000.0,0.01,66.0,-43.73,-48.91,4099999999.9999995,4500000000.0,49000000.0,62700000.0,41300000.0,56800000.0,1.19,1.1,-713500000.0,-237800000.0,,هنری و سرگرمی,2026-08-25,,,,,,,,,,,,,,,,,,,,31.4
ساخت دستگاههای ارتباطی,2900000.0,8800000000.0,8600000000.0,8100000000.0,8500000000.0,449900000.0,8000000000.0,0.0,29800000.0,53700000.0,-1.8,97.44,91.47,525900000.0,0.03,58.0,-12.82,-23.68,10100000000.0,11500000000.0,40900000.0,51700000.0,38900000.0,44500000.0,1.05,1.16,22700000.0,-84900000.0,,ساخت دستگاههای ارتباطی,2026-08-24,,,,,,,,,,,,,,,,,,,,31.4
صنایع دارویی,3700000000.0,5364800000000.0,3853500000000.0,4205700000000.0,498100000000.0,585600000000.0,-87500000000.0,0.02,109400000.0,164300000.0,-1.5,71.83,78.39,-352100000000.0,16.7,212.0,96.01,178.66,2737000000000.0,1925300000000.0,109100000.0,91800000.0,132800000.00000001,104800000.0,-1.22,-1.14,121700000000.0,97400000000.0,,صنایع دارویی,2026-08-24,,,,,,,,,,,,,,,,,,,,31.2
خرده فروشی,5100000.0,36800000000.0,25300000000.0,23000000000.0,1500000000.0,342200000.0,1100000000.0,-2.51,38100000.0,72400000.0,-1.9,68.91,62.67,2300000000.0,0.11,33.0,-36.74,-56.46,58100000000.0,84400000000.0,53800000.0,59400000.0,63100000.0,92100000.0,-1.17,-1.55,6700000000.0,-1800000000.0,,خرده فروشی,2026-08-24,,,,,,,,,,,,,,,,,,,,30.4
عمده فروشی,22000000.0,12000000000.0,10800000000.0,11400000000.0,0.0,96100000.0,-96100000.0,-2.86,46800000.0,107700000.0,-2.3,89.98,95.44,-653700000.0,0.04,529.0,384.53,595.04,2500000000.0,1700000000.0,44600000.0,43400000.0,110200000.0,62900000.0,-2.47,-1.45,-130600000.0,-15000000.0,,عمده فروشی,2026-08-24,,,,,,,,,,,,,,,,,,,,29.7
صندوق های املاک و مستغلات,141700000.0,238800000000.0,208000000000.0,227200000000.0,2000000000.0,1700000000.0,337100000.0,1.27,115300000.0,150800000.0,-1.31,87.13,95.17,-19200000000.0,1.3,107.0,-17.65,-16.78,290000000000.0,286900000000.0,122200000.0,116800000.0,123200000.0,117300000.0,-1.01,-1.0,7000000000.0,14700000000.0,,صندوق های املاک و مستغلات,2026-08-25,,,,,,,,,,,,,,,,,,,,28.8
صنایع دارویی,2800000000.0,3420700000000.0,2378800000000.0,2824200000000.0,325800000000.0,28900000000.0,297000000000.0,0.24,71500000.0,106400000.0,-1.49,70.11,83.24,-449900000000.0,10.9,135.0,-19.31,63.93,4239100000000.0005,2086600000000.0,90000000.0,88000000.0,124000000.0,100600000.0,-1.38,-1.14,-274200000000.0,64200000000.0,,صنایع دارویی,2026-08-29,,,,,,,,,,,,,,,,,,,,28.5
زراعت,692900000.0,845800000000.0,517400000000.0,601300000000.0,31600000000.0,13300000000.0,18200000000.0,0.68,63100000.0,72700000.0,-1.15,66.78,77.59,-83500000000.0,2.7,130.0,24.16,56.46,681200000000.0,540500000000.0,63700000.0,61800000.0,50400000.0,55300000.0,1.26,1.12,-42800000000.0,-52300000000.0,,زراعت,2026-08-29,,,,,,,,,,,,,,,,,,,,26.3
فراورده های نفتی,2300000000.0,2517000000000.0,1763700000000.0,1809600000000.0,122600000000.0,56600000000.0,66000000000.0,-0.48,95800000.0,109000000.0,-1.14,70.07,71.89,-45900000000.0,7.8,76.0,1.67,-0.32,2475800000000.0,2525000000000.0,74300000.0,95000000.0,115900000.0,140800000.0,-1.56,-1.48,-189600000000.0,47900000000.0,,فراورده های نفتی,2026-08-24,,,,,,,,,,,,,,,,,,,,26.0
صندوق های درآمد ثابت,2700000000.0,8368000000000.0,2605200000000.0,4696900000000.0,51416000000000.0,6815500000000.0,44600500000000.0,0.12,216200000.0,239200000.0,-1.11,31.14,56.14,-2091699999999.9998,44.0,31.0,-78.27,-76.09,38505700000000.0,35000699999999.996,199300000.0,222400000.0,149900000.0,176400000.0,1.33,1.26,-936000000000.0,182500000000.0,,صندوق های درآمد ثابت,2026-08-25,,,,,,,,,,,,,,,,,,,,26.0
انتشار، چاپ و تکثیر,4500000.0,10600000000.0,6700000000.0,9500000000.0,704600000.0,429300000.0,275300000.0,-0.04,71500000.0,90900000.0,-1.27,63.58,90.19,-2800000000.0,0.06,115.0,-61.34,-11.1,27400000000.0,11900000000.0,155500000.0,181300000.0,152500000.0,135200000.0,1.02,1.34,-1900000000.0,808000000.0,,انتشار، چاپ و تکثیر,2026-08-25,,,,,,,,,,,,,,,,,,,,26.0
استخراج نفت و گاز,231200000.0,133800000000.00002,83600000000.0,128100000000.0,14400000000.0,687500000.0,13700000000.0,0.09,74200000.0,127700000.0,-1.72,62.45,95.73,-44500000000.0,0.42,134.0,-3.64,76.39,138900000000.0,75900000000.0,98000000.0,99800000.0,124700000.0,100400000.0,-1.27,-1.01,-23900000000.0,5800000000.0,,استخراج نفت و گاز,2026-08-24,,,,,,,,,,,,,,,,,,,,25.5
خرده فروشی,169100000.0,68599999999.99999,42800000000.0,61800000000.0,5600000000.0,1700000000.0,3800000000.0,1.33,54900000.0,97600000.0,-1.78,62.36,90.06,-19000000000.0,0.22,72.0,34.84,-6.99,50900000000.0,73700000000.0,47100000.0,60100000.0,77100000.0,89900000.0,-1.64,-1.5,-2500000000.0,-1600000000.0,,خرده فروشی,2026-08-29,,,,,,,,,,,,,,,,,,,,24.9
انتشار، چاپ و تکثیر,7600000.0,18100000000.0,8000000000.0,15500000000.0,0.0,584400000.0,-584400000.0,-2.98,50600000.0,117600000.0,-2.33,44.24,85.96,-7500000000.0,0.06,116.0,-33.98,51.82,27400000000.0,11900000000.0,155500000.0,181300000.0,152500000.0,135200000.0,1.02,1.34,-1900000000.0,808000000.0,,انتشار، چاپ و تکثیر,2026-08-24,,,,,,,,,,,,,,,,,,,,23.8
خدمات فنی و مهندسی,295100000.0,392800000000.0,230300000000.0,312300000000.0,3000000000.0,83700000000.0,-80700000000.0,-0.64,80700000.0,126400000.0,-1.57,58.62,79.5,-82000000000.0,1.3,110.0,10.58,30.63,355200000000.0,300700000000.0,131500000.0,137100000.0,143500000.0,133800000.00000001,-1.09,1.02,7200000000.0,33500000000.0,,خدمات فنی و مهندسی,2026-08-29,,,,,,,,,,,,,,,,,,,,22.7
زراعت,754400000.0,633400000000.0,386300000000.0,423200000000.0,32600000000.0,67900000000.00001,-35300000000.0,0.08,57000000.0,57200000.0,-1.0,63.97,70.07,-38800000000.0,2.0,87.0,5.08,13.89,602800000000.0,556100000000.0,60100000.0,65099999.99999999,55200000.0,62700000.0,1.09,1.04,-65300000000.0,-54400000000.0,,زراعت,2026-08-24,,,,,,,,,,,,,,,,,,,,20.2
انتشار، چاپ و تکثیر,5500000.0,12300000000.0,4900000000.0,12300000000.0,0.0,235100000.0,-235100000.0,-2.99,33000000.0,101600000.0,-3.08,39.45,100.0,-7400000000.0,0.04,73.0,-40.34,-12.25,20600000000.0,14000000000.0,69800000.0,139600000.0,128400000.0,133900000.0,-1.84,1.04,-7500000000.0,-983700000.0,,انتشار، چاپ و تکثیر,2026-08-29,,,,,,,,,,,,,,,,,,,,19.4
صندوق های سهامی,2200000000.0,10481700000000.0,7981700000000.0,8113900000000.0,163300000000.0,157400000000.0,5900000000.0,0.42,141700000.0,216800000.0,-1.53,77.1,78.37,-119300000000.0,32.6,94.0,-4.33,23.54,10955700000000.0,8484500000000.0,158100000.0,140600000.0,220500000.0,206300000.0,-1.39,-1.47,-246800000000.0,-23900000000.0,,صندوق های سهامی,2026-08-24,,,,,,,,,,,,,,,,,,,,18.3
صندوق های انرژی,61700000.0,346000000000.0,282300000000.0,335800000000.0,420300000.0,2800000000.0,-2400000000.0,-1.21,98400000.0,111300000.0,-1.13,81.59,97.05,-53500000000.0,1.1,62.0,-20.2,-18.32,433600000000.0,423600000000.0,125500000.0,107900000.0,131800000.00000001,140300000.0,-1.05,-1.3,-26800000000.0,-11400000000.0,,صندوق های انرژی,2026-08-24,,,,,,,,,,,,,,,,,,,,15.7
صندوق های شاخصی,76000000.0,221100000000.0,98400000000.0,145800000000.0,7500000000.0,9900000000.0,-2400000000.0,-0.04,57100000.0,113800000.0,-1.99,44.48,65.95,-47500000000.0,0.69,71.0,-3.74,-7.4,229700000000.0,238800000000.0,55200000.0,74100000.0,100500000.0,103900000.0,-1.82,-1.4,-51800000000.0,-4400000000.0,,صندوق های شاخصی,2026-08-24,,,,,,,,,,,,,,,,,,,,14.0
صندوق های بخشی,599500000.0,3304500000000.0,2129400000000.0,2468400000000.0,30500000000.0,65599999999.99999,-35200000000.0,0.28,109800000.0,165400000.0,-1.51,64.44,74.7,-339000000000.0,10.3,102.0,14.95,34.1,2874600000000.0,2464200000000.0,127500000.0,108500000.0,158300000.0,152600000.0,-1.24,-1.41,-137500000000.0,-51800000000.0,,صندوق های بخشی,2026-08-24,,,,,,,,,,,,,,,,,,,,13.4
چند رشته ای صنعتی,3000000000.0,1155300000000.0,451200000000.0,646300000000.0,4000000000.0,20200000000.0,-16200000000.0,0.46,70500000.0,101500000.0,-1.44,39.06,55.94,-195100000000.0,3.6,88.0,0.48,15.23,1149800000000.0,1002600000000.0,76800000.0,112000000.0,117700000.0,122100000.0,-1.53,-1.09,-151100000000.0,-24200000000.0,,چند رشته ای صنعتی,2026-08-24,,,,,,,,,,,,,,,,,,,,13.2
