نماد,حجم معاملات,ارزش معاملات,اولین قیمت,درصد اولین قیمت,بیشترین قیمت,درصد بیشترین قیمت,کمترین قیمت,درصد کمترین قیمت,آخرین قیمت,درصد آخرین قیمت,قیمت پایانی,درصد قیمت پایانی,درصد اختلاف آخرین و پایانی,نوسان,سرانه خرید حقیقی,سرانه فروش حقیقی,قدرت خرید حقیقی,ورود پول اشخاص حقیقی,ورود پول هفتگی اشخاص حقیقی,ورود پول ماهانه اشخاص حقیقی,ورود پول سه ماهه اشخاص حقیقی,جمع ورود پول هفتگی اشخاص حقیقی,جمع ورود پول ماهانه اشخاص حقیقی,جمع ورود پول سه ماهه اشخاص حقیقی,ارزش سفارش های خرید,ارزش سفارش های فروش,برآیند سفارش ها,حجم بهترین تقاضا,قیمت بهترین تقاضا,قیمت بهترین عرضه,حجم بهترین عرضه,قدرت خرید ۵ روزه,قدرت خرید ۲۰ روزه,میانگین ماهانه ارزش معاملات,ارزش معاملات به میانگین ماهانه,میانگین سه ماهه ارزش معاملات,ارزش معاملات به میانگین سه ماهه,بازدهی هفتگی,بازدهی ماهانه,بازدهی سه ماهه,ارزش بازار یا دارایی های صندوق,ارزش معاملات به ارزش بازار یا AUM,EPS,P/E,P/S,قیمت دیروز,آستانه مجاز بالا,آستانه مجاز پایین,ضریب آلفا,ضریب بتا,ضریب همبستگی,نسبت شارپ,نسبت سورتینو,نسبت کالمار,ضریب آلفا_1,ضریب بتا_1,ضریب همبستگی_1,نوسان‌پذیری,انحراف نزولی,خطای تعقیب,نسبت شارپ_1,نسبت سورتینو_1,نسبت ترینر,نسبت اطلاعات,بیشینه افت سرمایه,شاخص اولسر,نسبت کالمار_1,ضریب بازیابی,نسبت امگا,نرخ مشارکت در صعود,نرخ مشارکت در نزول,تاریخ,امتیاز جریان سفارش,تعداد فیلتر عبوری,وضعیت فیلتر
آلومینا,2971594.0,644956351000.0,217300.0,2.99,217300.0,2.99,212800.0,0.85,217300.0,2.99,217000.0,2.84,0.14,2.11,702822830.23,337979861.62,2.08,-106469885472.95,-123920434500.0,-76582209805.0,-35844915996.61,-619602172500.0,-1531644196100.0,-2150694959796.49,13212493800.0,7460778200.0,5751715600.0,9815.0,217200.0,217300.0,34334.0,1.73,1.95,389849592365.0,1.65,478360482400.17,1.35,11.44,50.59,50.25,434549811305500.0,0.15,16822.0,12.92,1.86,211000.0,217300.0,204700.0,-0.53,1.27,0.72,2.61,6.51,14.42,-0.53,1.27,0.72,0.62,0.25,0.42,2.61,6.51,1.27,-0.18,0.3,0.13,14.42,1.73,1.72,1.13,1.62,2026-08-30,50.9,0,❌ ضعیف (0/8)
احیا,886281807.0,4112534071220.0,4690.0,0.86,4720.0,1.51,4520.0,-2.8,4640.0,-0.22,4640.0,-0.22,0.0,4.42,275478573.44,15838662.22,17.39,151752801054.03,236550519836.0,0.0,0.0,1182752599180.0,0.0,0.0,15510243370.0,32014152250.0,-16503908880.0,132780.0,4640.0,4650.0,606181.0,26.0,0.0,0.0,,0.0,,8.16,41.03,41.03,297679200000000.0,1.38,668.0,6.95,0.9,4650.0,4780.0,4520.0,,,,,,,,,,,,,,,,,,,,,,,,2026-08-30,50.9,0,❌ ضعیف (0/8)
ارفع,0.0,0.0,13100.0,0.08,13100.0,0.08,13100.0,0.08,13100.0,0.08,13090.0,0.0,0.08,0.0,0.0,0.0,0.0,0.0,15425983704.95,-74542379988.76,3526910622.31,77129918524.75,-1490847599775.25,211614637338.46,0.0,0.0,0.0,0.0,0.0,0.0,0.0,-1.36,-2.46,356660770154.5,0.0,364939179689.67,0.0,2.75,-5.82,130.95,419200000000000.0,0.0,2528.0,5.18,1.0,13090.0,13480.0,12700.0,0.87,0.81,0.5,5.0,10.45,73.97,0.87,0.81,0.5,0.45,0.21,0.46,5.0,10.45,2.75,1.19,0.12,0.04,73.97,6.5,2.29,0.96,0.18,2026-08-30,50.9,0,❌ ضعیف (0/8)
درپاد,13878731.0,188881813020.0,13610.0,2.95,13610.0,2.95,13240.0,0.15,13500.0,2.12,13610.0,2.95,-0.81,2.79,1769047809.56,792433560.2,2.23,-11638687675.42,11562480514.0,13523654998.5,7399359072.26,57812402570.0,270473099970.0,443961544335.43,5206323560.0,12886963150.0,-7680639590.0,67351.0,13500.0,13590.0,30788.0,17.69,16.26,108276880676.5,1.74,89758825964.5,2.1,10.66,56.07,38.76,20250000000000.0,0.93,144.0,93.75,0.91,13220.0,13610.0,12830.0,-0.48,0.96,0.58,2.05,4.81,9.64,-0.48,0.96,0.58,0.56,0.24,0.44,2.05,4.81,1.19,-1.24,0.26,0.15,9.64,1.42,1.53,0.85,1.25,2026-08-30,50.9,0,❌ ضعیف (0/8)
ذوب,719471382.0,402184502538.0,559.0,2.95,559.0,2.95,559.0,2.95,559.0,2.95,559.0,2.95,0.0,0.0,1564437769.96,120718912.08,12.96,266813138358.0,933230955755.4,291929384941.0,115533634524.68,4666154778777.0,5838587698820.0,6932018071480.83,6751563631663.0,0.0,6751563631663.0,12073750580.0,559.0,0.0,0.0,10.93,1.51,1082979671758.05,0.37,758581670500.78,0.53,12.02,49.47,63.45,372900272299528.94,0.11,12.0,46.58,0.57,543.0,559.0,527.0,-1.12,1.42,0.65,2.2,5.08,12.85,-1.12,1.42,0.65,0.58,0.25,0.37,2.2,5.08,0.9,-1.14,0.21,0.09,12.85,1.83,1.55,1.11,2.04,2026-08-30,50.9,0,❌ ضعیف (0/8)
زنگان,9607111.0,69950886760.0,7310.0,2.96,7310.0,2.96,6900.0,-2.82,7310.0,2.96,7280.0,2.54,0.41,5.94,472641111.01,384761837.82,1.23,1463279628.02,3218925588.0,4992701139.35,4603005995.36,16094627940.0,99854022787.01,276180359721.7,109086510.0,0.0,109086510.0,2908.0,7310.0,0.0,0.0,1.26,-1.11,73602253243.0,0.95,51373209142.0,1.36,7.66,15.66,63.77,10723784620000.0,0.65,403.0,18.14,3.14,7100.0,7310.0,6890.0,0.8,0.47,0.29,3.49,7.19,33.85,0.8,0.47,0.29,0.46,0.22,0.54,3.49,7.19,3.4,-0.17,0.13,0.04,33.85,4.06,1.83,0.6,-0.22,2026-08-30,50.9,0,❌ ضعیف (0/8)
سیسکو,433566077.0,2452541462470.0,5910.0,1.72,5910.0,1.72,5640.0,-2.93,5640.0,-2.93,5660.0,-2.58,-0.35,4.79,609261793.42,412148974.83,1.48,-991258162039.6,-73241211320.0,-120753966419.0,-12157668676.36,-366206056600.0,-2415079328380.0,-729460120581.48,9549112360.0,5540183810.0,4008928550.0,1593699.0,5640.0,5650.0,292395.0,2.29,2.28,1149372606706.5,2.13,622636495379.77,3.94,4.64,43.15,207.9,705000000000000.0,0.35,813.0,6.94,1.16,5810.0,5980.0,5640.0,2.82,0.85,0.55,9.89,29.38,548.99,2.82,0.85,0.55,0.43,0.14,0.26,9.89,29.38,5.0,9.85,0.11,0.03,548.99,16.11,5.9,1.78,0.41,2026-08-30,50.9,0,❌ ضعیف (0/8)
فاسمین,0.0,0.0,0.0,,0.0,,0.0,,0.0,,0.0,,,,0.0,0.0,0.0,0.0,1973141262.2,-904221383.0,3673555750.82,9865706311.0,-18084427660.0,220413345049.0,0.0,0.0,0.0,0.0,0.0,0.0,0.0,-1.94,-1.76,66422406327.1,0.0,143519125142.43,0.0,-100.0,-100.0,-100.0,0.0,,536.0,0.0,0.0,0.0,2696.0,2540.0,,,,,,,,,,,,,,,,,,,,,,,,2026-08-30,50.9,0,❌ ضعیف (0/8)
فافزا,643126.0,5813859040.0,9040.0,2.96,9040.0,2.96,9040.0,2.96,9040.0,2.96,9040.0,2.96,0.0,0.0,968976536.8,100044143.2,9.69,3412798880.0,1613359616.0,4042219978.5,2198570016.75,8066798080.0,80844399570.0,131914201005.06,19773124520.0,0.0,19773124520.0,1702006.0,9040.0,0.0,0.0,1.08,-1.07,23162673969.0,0.25,18707382912.33,0.31,4.39,10.92,-18.62,4068000000000.0,0.14,453.0,19.96,0.92,8780.0,9040.0,8520.0,-0.94,0.42,0.31,-0.53,-1.04,-0.04,-0.94,0.42,0.31,0.43,0.22,0.42,-0.53,-1.04,-0.54,-4.53,0.25,0.16,-0.04,-0.01,0.88,0.05,0.19,2026-08-30,50.9,0,❌ ضعیف (0/8)
فافق,33597795.0,414718164810.0,12250.0,0.25,12580.0,2.95,12010.0,-1.72,12580.0,2.95,12340.0,0.98,1.94,4.75,646395244.05,2220752052.05,-3.44,-283102667637.35,-69994430858.0,-39345707604.34,-13062467882.16,-349972154290.0,-786914152086.75,-783748072929.55,55186243100.0,216583000.0,54969660100.0,4233720.0,12580.0,13100.0,2500.0,-2.57,-1.64,151666832902.0,2.73,135952756879.33,3.05,1.94,16.05,84.34,88060000000000.0,0.47,2178.0,5.78,,12220.0,12580.0,11860.0,0.87,0.79,0.53,4.84,11.93,76.59,0.87,0.79,0.53,0.45,0.18,0.41,4.84,11.93,2.79,1.22,0.11,0.03,76.59,6.84,2.67,0.98,0.29,2026-08-30,50.9,0,❌ ضعیف (0/8)
فالوم,0.0,0.0,1080.0,-0.92,1080.0,-0.92,1080.0,-0.92,1080.0,-0.92,1090.0,0.0,-0.92,0.0,0.0,0.0,0.0,0.0,5886247584.0,14627475751.0,6648565297.42,29431237920.0,292549515020.0,398913917845.48,0.0,0.0,0.0,0.0,0.0,0.0,0.0,-1.46,-1.16,42035404926.5,0.0,29284005353.83,0.0,-82.47,-80.33,-80.92,15660000000000.0,0.0,-11.0,-98.18,0.18,1090.0,1122.0,1058.0,-1.79,1.04,0.68,-0.08,-0.13,0.91,-1.79,1.04,0.68,0.42,0.25,0.29,-0.08,-0.13,-0.03,-6.02,0.19,0.09,0.91,0.21,0.99,0.4,1.19,2026-08-30,50.9,0,❌ ضعیف (0/8)
فاهواز,575816.0,4111326240.0,7140.0,0.99,7140.0,0.99,7140.0,0.99,7140.0,0.99,7120.0,0.71,0.28,0.0,1370442103.8,195777443.4,7.0,0.0,0.0,75818000.0,510704434.33,0.0,1516360000.0,30642266060.0,8863438920.0,0.0,8863438920.0,1241378.0,7140.0,0.0,0.0,7.56,6.25,1926160822.5,2.13,6008457446.33,0.68,0.85,7.84,12.86,40333860000000.0,0.01,1119.0,6.38,,7070.0,7140.0,7000.0,0.26,0.1,0.17,2.94,8.59,26.09,0.26,0.1,0.17,0.15,0.05,0.3,2.94,8.59,4.31,-4.17,0.03,0.01,26.09,5.06,2.16,0.26,0.03,2026-08-30,50.9,0,❌ ضعیف (0/8)
فایرا,28683574.0,414539516940.0,15050.0,2.59,15050.0,2.59,14230.0,-3.0,14230.0,-3.0,14450.0,-1.5,-1.52,5.76,359697858.68,983623782.56,-2.73,58195931660.21,6620768892.0,-4298777038.5,20576948047.67,33103844460.0,-85975540770.0,1234616882860.0,0.0,176801573930.0,-176801573930.0,0.0,0.0,14230.0,12411968.0,-1.99,-1.9,616763711888.0,0.67,481465352260.5,0.86,-3.13,26.99,157.4,882260000000000.0,0.05,2419.0,5.88,1.35,14670.0,15110.0,14230.0,2.65,0.51,0.35,8.33,24.15,378.04,2.65,0.51,0.35,0.42,0.15,0.43,8.33,24.15,6.87,4.22,0.08,0.03,378.04,16.9,5.01,1.11,-0.96,2026-08-30,50.9,0,❌ ضعیف (0/8)
فباهنر,29101944.0,329725025520.0,11330.0,3.0,11330.0,3.0,11330.0,3.0,11330.0,3.0,11330.0,3.0,0.0,0.0,854407309.8,288508819.5,2.96,24362287180.0,-15850544270.0,21712384228.0,17778706981.38,-79252721350.0,434247684560.0,1066722418882.8,72448274260.0,0.0,72448274260.0,6340137.0,11330.0,0.0,0.0,1.14,-1.36,719209299790.5,0.46,677836838271.5,0.49,10.75,11.63,49.04,278529148319620.0,0.12,1069.0,10.6,1.09,11000.0,11330.0,10670.0,-0.86,1.18,0.7,2.05,4.94,10.63,-0.86,1.18,0.7,0.56,0.23,0.4,2.05,4.94,0.97,-1.37,0.23,0.12,10.63,1.57,1.52,0.84,1.23,2026-08-30,50.9,0,❌ ضعیف (0/8)
فپنتا,9715111.0,369914006090.0,38080.0,2.97,38080.0,2.97,37610.0,1.7,38080.0,2.97,38080.0,2.97,0.0,1.25,1148967190.38,863875457.68,1.33,55827667309.54,42425094724.0,28628518667.5,10371353306.28,212125473620.0,572570373350.0,622281198376.89,39736534680.0,0.0,39736534680.0,1038427.0,38080.0,0.0,0.0,2.18,1.15,101259266411.0,3.65,54912127550.0,6.74,12.46,25.8,49.36,39195104256000.0,0.94,4100.0,9.29,0.64,36980.0,38080.0,35880.0,-0.7,0.97,0.57,1.66,3.71,6.84,-0.7,0.97,0.57,0.56,0.25,0.44,1.66,3.71,0.97,-1.72,0.27,0.13,6.84,1.11,1.41,0.79,1.32,2026-08-30,50.9,0,❌ ضعیف (0/8)
فتوسا,21370399.0,122124771900.0,5820.0,2.46,5820.0,2.46,5650.0,-0.53,5680.0,0.0,5710.0,0.53,-0.53,3.01,495227676.87,154608846.1,3.2,-21795773140.49,-6145023976.0,-5870342194.06,12590879274.07,-30725119880.0,-117406843881.14,755452756444.19,1362567980.0,2079942140.0,-717374160.0,22858.0,5680.0,5690.0,20000.0,1.91,1.88,133729696816.0,0.91,116434598287.18,1.05,0.53,15.92,114.57,15336000000000.0,0.8,1389.0,4.09,0.79,5680.0,5850.0,5510.0,2.06,0.53,0.37,7.26,16.83,265.86,2.06,0.53,0.37,0.41,0.18,0.45,7.26,16.83,5.58,2.82,0.07,0.02,265.86,16.1,3.37,1.06,-0.39,2026-08-30,50.9,0,❌ ضعیف (0/8)
فجر,16723185.0,95823850050.0,5730.0,2.87,5730.0,2.87,5730.0,2.87,5730.0,2.87,5730.0,2.87,0.0,0.0,1913163112.8,173468415.6,11.03,57455019420.0,44998824990.0,64932419516.5,56563229062.67,224994124950.0,1298648390330.0,3393793743760.09,380562172080.0,0.0,380562172080.0,66168793.0,5730.0,0.0,0.0,-1.0,-1.14,792780370443.5,0.12,524605095591.25,0.18,7.71,22.17,80.19,114600000000000.0,0.08,1065.0,5.38,0.91,5570.0,5730.0,5410.0,1.89,1.05,0.32,4.75,16.45,272.22,1.89,1.05,0.32,0.77,0.22,0.75,4.75,16.45,3.49,2.64,0.11,0.04,272.22,12.39,3.02,1.28,-0.33,2026-08-30,50.9,0,❌ ضعیف (0/8)
فجهان,52861298.0,127131421690.0,2405.0,3.0,2405.0,3.0,2405.0,3.0,2405.0,3.0,2405.0,3.0,0.0,0.0,2182983002.2,35108406.45,62.18,47117740280.0,-11595017568.2,-11219274638.99,1621070574.96,-57975087841.0,-224385492779.74,97264234497.59,297646018599.0,0.0,297646018599.0,123621245.0,2405.0,0.0,0.0,3.72,2.06,154233420265.45,0.82,84491906803.73,1.5,13.07,50.94,68.19,408850000000000.0,0.03,186.0,12.93,0.5,2335.0,2405.0,2265.0,-0.34,1.23,0.65,3.33,7.93,30.41,-0.34,1.23,0.65,0.52,0.22,0.38,3.33,7.93,1.42,0.13,0.16,0.06,30.41,3.44,1.99,1.09,1.33,2026-08-30,50.9,0,❌ ضعیف (0/8)
فجهانح,1111002.0,1400973522.0,1261.0,2.94,1261.0,2.94,1261.0,2.94,1261.0,2.94,1261.0,2.94,0.0,0.0,700486761.0,1031258.41,679.26,20121777.0,854379232.6,9438777729.1,2619674801.28,4271896163.0,188775554582.0,157180488077.0,24888197720.0,0.0,24888197720.0,19719520.0,1261.0,0.0,0.0,26.18,43.56,121739666497.0,0.01,60951658944.87,0.02,9.94,-30.22,-22.78,8827000000000.0,0.02,0.0,,,1225.0,1261.0,1189.0,,,,,,,,,,,,,,,,,,,,,,,,2026-08-30,50.9,0,❌ ضعیف (0/8)
فخاس,136079621.0,404490995843.0,2940.0,1.34,2988.0,3.0,2903.0,0.07,2955.0,1.86,2972.0,2.45,-0.57,2.93,885008343.03,809911949.04,1.09,82806371137.82,96585927311.6,33404763197.25,17833252935.82,482929636558.0,668095263945.0,1069995176149.26,1320859160.0,0.0,1320859160.0,170000.0,2954.0,0.0,0.0,1.41,1.08,169725399658.55,2.38,124877382059.75,3.24,10.67,28.59,46.32,367897500000000.0,0.11,363.0,8.14,0.87,2901.0,2988.0,2814.0,-0.2,0.92,0.56,2.7,5.85,19.18,-0.2,0.92,0.56,0.5,0.23,0.42,2.7,5.85,1.47,-0.83,0.17,0.07,19.18,2.58,1.65,0.81,0.83,2026-08-30,50.9,0,❌ ضعیف (0/8)
فخوز,0.0,0.0,1870.0,-3.11,1870.0,-3.11,1870.0,-3.11,1870.0,-3.11,1930.0,0.0,-3.11,0.0,0.0,0.0,0.0,0.0,-13080384593.2,-30414671534.05,-27455360120.25,-65401922966.0,-608293430681.0,-1647321607215.0,0.0,0.0,0.0,0.0,0.0,0.0,0.0,1.19,-1.06,178954385607.7,0.0,400380512927.17,0.0,-4.88,-7.75,16.15,458150000000000.0,0.0,255.0,7.33,0.4,1930.0,1987.0,1873.0,,,,,,,,,,,,,,,,,,,,,,,,2026-08-30,50.9,0,❌ ضعیف (0/8)
فرآور,0.0,0.0,5560.0,0.54,5560.0,0.54,5560.0,0.54,5560.0,0.54,5530.0,0.0,0.54,0.0,0.0,0.0,0.0,0.0,881517678.0,721189549.5,975319854.92,4407588390.0,14423790990.0,58519191295.24,0.0,0.0,0.0,0.0,0.0,0.0,0.0,-1.28,-1.22,25179158294.0,0.0,21183615827.78,0.0,-0.54,1.65,8.85,27800000000000.0,0.0,281.0,19.79,1.19,5530.0,5690.0,5370.0,-2.21,1.08,0.66,-0.86,-1.45,-0.71,-2.21,1.08,0.66,0.46,0.27,0.35,-0.86,-1.45,-0.36,-6.02,0.24,0.15,-0.71,-0.19,0.86,0.32,1.4,2026-08-30,50.9,0,❌ ضعیف (0/8)
فرود,9395000.0,72247550000.0,7690.0,2.95,7690.0,2.95,7690.0,2.95,7690.0,2.95,7690.0,2.95,0.0,0.0,1430126371.8,90177477.1,15.86,31194623420.0,-38987079278.0,-2356040475.0,-13989260477.08,-194935396390.0,-47120809500.0,-839355628624.62,5533475480.0,0.0,5533475480.0,715584.0,7690.0,0.0,0.0,1.54,1.9,158768038990.5,0.46,140444891150.05,0.51,6.51,47.32,86.86,41526000000000.0,0.17,910.0,8.45,0.57,7470.0,7690.0,7250.0,0.42,1.08,0.61,3.94,9.34,40.24,0.42,1.08,0.61,0.57,0.24,0.43,3.94,9.34,2.08,1.29,0.21,0.1,40.24,3.55,2.07,1.26,1.25,2026-08-30,50.9,0,❌ ضعیف (0/8)
فروژ,49357206.0,67899817552.0,1352.0,0.97,1379.0,2.99,1338.0,-0.07,1379.0,2.99,1376.0,2.76,0.22,3.06,623970897.39,264201631.3,2.36,-5502727812.59,-2955692322.8,3212916506.9,7076009419.06,-14778461614.0,64258330138.0,424560565143.73,10904258512.0,0.0,10904258512.0,4758128.0,1379.0,0.0,0.0,1.27,1.42,64107772524.7,1.06,43917460975.52,1.55,4.47,41.73,47.8,27304200000000.0,0.25,46.0,29.98,0.99,1339.0,1379.0,1299.0,-0.36,0.95,0.57,2.68,5.35,15.89,-0.36,0.95,0.57,0.47,0.23,0.41,2.68,5.35,1.32,-1.07,0.18,0.09,15.89,2.23,1.56,0.77,0.84,2026-08-30,50.9,0,❌ ضعیف (0/8)
فروس,9185395.0,29852533750.0,3250.0,2.75,3250.0,2.75,3250.0,2.75,3250.0,2.75,3250.0,2.75,0.0,0.0,2487711135.0,24732110.0,100.59,28863250000.0,8815267169.4,3008582780.6,2830805173.74,44076335847.0,60171655612.0,169848310424.66,56948152440.0,0.0,56948152440.0,17214657.0,3250.0,0.0,0.0,1.37,-1.35,37485129380.1,0.8,23222186827.07,1.29,10.92,-1.01,67.63,29041350000000.0,0.1,440.0,7.39,1.17,3163.0,3250.0,3070.0,0.5,0.56,0.37,2.7,6.91,30.65,0.5,0.56,0.37,0.53,0.21,0.48,2.7,6.91,2.58,-0.53,0.12,0.07,30.65,3.94,1.84,0.66,0.17,2026-08-30,50.9,0,❌ ضعیف (0/8)
فروسیل,2218989.0,27204805140.0,12260.0,2.94,12260.0,2.94,12260.0,2.94,12260.0,2.94,12260.0,2.94,0.0,0.0,1700300290.6,71090713.4,23.92,25640809200.0,8925783240.0,3235072262.28,3049051620.49,44628916200.0,64701445245.63,182943097229.27,54377156880.0,0.0,54377156880.0,4389808.0,12260.0,0.0,0.0,1.54,-1.08,50589860358.5,0.54,26983986294.17,1.01,8.78,17.32,60.55,19616000000000.0,0.14,1620.0,7.57,1.47,11910.0,12260.0,11560.0,0.19,0.75,0.49,3.56,7.18,32.47,0.19,0.75,0.49,0.41,0.2,0.4,3.56,7.18,1.94,-0.58,0.11,0.04,32.47,4.14,1.82,0.71,0.33,2026-08-30,50.9,0,❌ ضعیف (0/8)
فروی,74883746.0,191277329770.0,2625.0,2.1,2625.0,2.1,2494.0,-2.99,2570.0,-0.04,2554.0,-0.66,0.63,5.25,403975954.03,246073407.96,1.64,61576277666.54,26143312077.8,19259711812.71,6732763524.82,130716560389.0,385194236254.28,403965811489.37,1019127745.0,2140314817.0,-1121187072.0,83236.0,2556.0,2570.0,500000.0,1.4,1.67,85960829498.9,2.23,45295113688.52,4.22,6.59,45.61,91.23,23130000000000.0,0.83,186.0,13.82,0.54,2571.0,2648.0,2494.0,-0.06,1.18,0.78,3.87,9.99,39.64,-0.06,1.18,0.78,0.5,0.19,0.28,3.87,9.99,1.64,0.88,0.16,0.07,39.64,4.03,2.32,1.17,1.3,2026-08-30,50.9,0,❌ ضعیف (0/8)
فرویح,70078580.0,81776049775.0,1175.0,2.98,1175.0,2.98,1110.0,-2.72,1174.0,2.89,1167.0,2.28,0.6,5.86,402928225.12,115015536.91,3.5,-28589523638.86,-11267263090.2,0.0,0.0,-56336315451.0,0.0,0.0,106015693.0,8937050.0,97078643.0,11621.0,1174.0,1175.0,7606.0,4.34,0.0,0.0,,0.0,,11.28,10.03,10.03,5283000000000.0,1.55,0.0,,,1141.0,1175.0,1107.0,,,,,,,,,,,,,,,,,,,,,,,,2026-08-30,50.9,0,❌ ضعیف (0/8)
فزرین,7665498.0,59944194360.0,7820.0,2.89,7820.0,2.89,7820.0,2.89,7820.0,2.89,7820.0,2.89,0.0,0.0,3526129103.0,273360768.4,12.9,29874511400.0,17255188142.0,16751206059.0,22950705033.5,86275940710.0,335024121180.0,1377042302009.75,44122038660.0,0.0,44122038660.0,5490657.0,7820.0,0.0,0.0,3.31,-1.08,171263435641.5,0.35,117096850843.43,0.51,12.2,23.73,217.46,33626000000000.0,0.18,1184.0,6.6,1.79,7600.0,7820.0,7380.0,3.57,0.33,0.26,10.02,32.09,717.18,3.57,0.33,0.26,0.41,0.13,0.45,10.02,32.09,12.52,5.45,0.08,0.02,717.18,22.46,6.39,1.37,-0.88,2026-08-30,50.9,0,❌ ضعیف (0/8)
فسازان,25246132.0,303904106010.0,12120.0,2.97,12120.0,2.97,11820.0,0.42,12120.0,2.97,12040.0,2.29,0.66,2.54,527999024.53,563836192.57,-1.07,19643422807.05,223806099308.0,41389773295.5,18228564142.63,1119030496540.0,827795465910.0,1093713848558.08,43608995570.0,0.0,43608995570.0,3551766.0,12120.0,0.0,0.0,-1.13,-1.59,593769295708.5,0.51,319738535393.22,0.95,8.99,14.77,234.73,84840000000000.0,0.36,2578.0,4.7,0.77,11770.0,12120.0,11420.0,2.36,0.6,0.43,8.62,22.03,373.24,2.36,0.6,0.43,0.39,0.15,0.42,8.62,22.03,5.65,4.03,0.07,0.02,373.24,17.92,4.36,1.16,-0.6,2026-08-30,50.9,0,❌ ضعیف (0/8)
فسبزوار,15416667.0,1065621821070.0,69800.0,-0.94,70810.0,0.5,68450.0,-2.85,68630.0,-2.6,69120.0,-1.9,-0.71,3.45,587753898.11,499714644.41,1.18,8412076074.82,-46606455342.0,-55979033930.5,-257889765.52,-233032276710.0,-1119580678610.0,-15473385931.33,2873545220.0,3348178900.0,-474633680.0,10992.0,68620.0,68640.0,2000.0,-1.25,-1.4,728105645524.0,1.46,707403151894.67,1.51,-4.01,2.54,64.15,274520000000000.0,0.39,14489.0,4.74,1.19,70460.0,72570.0,68350.0,0.53,0.97,0.59,4.83,10.03,71.74,0.53,0.97,0.59,0.45,0.22,0.39,4.83,10.03,2.24,1.22,0.11,0.04,71.74,6.54,2.14,1.05,0.59,2026-08-30,50.9,0,❌ ضعیف (0/8)
فسپا,89635704.0,530363595710.0,6110.0,0.33,6110.0,0.33,5910.0,-2.96,5910.0,-2.96,5920.0,-2.79,-0.17,3.38,520572084.35,1373619386.38,-2.64,-211687959416.56,-159603066136.0,7524045298.5,13901076322.95,-798015330680.0,150480905970.0,834064579377.05,11420000.0,5301986010.0,-5290566010.0,2000.0,5710.0,5910.0,12117.0,-1.65,-1.35,587207395018.5,0.9,279189662076.37,1.9,3.32,47.01,199.52,73875000000000.0,0.72,1216.0,4.86,1.23,6090.0,6270.0,5910.0,2.86,0.75,0.59,10.5,32.34,744.64,2.86,0.75,0.59,0.39,0.13,0.29,10.5,32.34,5.52,8.42,0.07,0.02,744.64,23.28,6.37,1.6,-0.07,2026-08-30,50.9,0,❌ ضعیف (0/8)
فسدید,8055.0,744845850.0,92470.0,2.0,92470.0,2.0,92470.0,2.0,92470.0,2.0,92470.0,2.0,0.0,0.0,248281950.0,82760650.0,3.0,0.0,0.0,0.0,0.0,0.0,0.0,0.0,0.0,0.0,0.0,0.0,0.0,0.0,0.0,3.24,1.22,16059382544.5,0.05,17334043600.83,0.04,8.22,20.88,-14.5,9043566000000.0,0.01,-5806.0,-15.93,,90660.0,92470.0,88850.0,-1.73,0.56,0.5,-1.94,-3.92,-1.35,-1.73,0.56,0.5,0.41,0.2,0.31,-1.94,-3.92,-1.43,-8.05,0.3,0.21,-1.35,-0.41,0.63,0.12,1.18,2026-08-30,50.9,0,❌ ضعیف (0/8)
فسرب,31617873.0,72183604059.0,2283.0,2.98,2283.0,2.98,2283.0,2.98,2283.0,2.98,2283.0,2.98,0.0,0.0,1249205570.43,385772322.15,3.24,-15870521064.0,-2753667766.6,2639826055.7,2067784812.77,-13768338833.0,52796521114.0,124067088765.92,53974193195.0,0.0,53974193195.0,23007136.0,2283.0,0.0,0.0,1.03,1.01,109164752986.55,0.66,72879221606.87,0.99,9.76,36.79,44.86,25300479960000.0,0.29,-55.0,-41.51,1.99,2217.0,2283.0,2151.0,-0.83,1.32,0.8,2.67,5.96,15.36,-0.83,1.32,0.8,0.52,0.23,0.32,2.67,5.96,1.06,-0.92,0.22,0.1,15.36,2.03,1.65,1.11,1.84,2026-08-30,50.9,0,❌ ضعیف (0/8)
فسوژ,169825.0,3228373250.0,19010.0,2.98,19010.0,2.98,19010.0,2.98,19010.0,2.98,19010.0,2.98,0.0,0.0,1614186625.0,201773280.6,8.0,0.0,15709048840.0,25262735513.0,35590122554.99,78545244200.0,505254710260.0,2135407353299.66,636851293180.0,0.0,636851293180.0,33161178.0,19010.0,0.0,0.0,-1.02,1.32,146268731097.0,0.02,275876981529.0,0.01,12.35,74.15,229.21,45624000000000.0,0.01,2590.0,7.34,3.83,18460.0,19010.0,17910.0,3.19,0.65,0.48,10.36,27.83,790.91,3.19,0.65,0.48,0.41,0.15,0.38,10.36,27.83,6.58,6.95,0.08,0.02,790.91,22.54,5.96,1.64,-0.14,2026-08-30,50.9,0,❌ ضعیف (0/8)
فصبا,52457866.0,161988526460.0,3060.0,1.73,3090.0,2.73,3040.0,1.06,3090.0,2.73,3090.0,2.73,0.0,1.64,463335368.08,73224479.06,6.33,10386795819.71,30094496924.8,16111455163.19,7408435378.51,150472484624.0,322229103263.77,444506122710.77,286769950.0,7232300.0,279537650.0,30000.0,3090.0,3100.0,2333.0,3.82,3.02,109630220934.35,1.48,83557691144.1,1.94,6.59,17.05,32.73,154500000000000.0,0.1,178.0,17.36,0.52,3008.0,3090.0,2920.0,-0.86,1.11,0.71,2.42,4.49,14.87,-0.86,1.11,0.71,0.42,0.23,0.3,2.42,4.49,0.92,-2.21,0.14,0.07,14.87,2.3,1.5,0.8,1.21,2026-08-30,50.9,0,❌ ضعیف (0/8)
فطلوع,20329907.0,86402104750.0,4250.0,2.91,4250.0,2.91,4250.0,2.91,4250.0,2.91,4250.0,2.91,0.0,0.0,2187558470.0,131354665.0,16.65,70214050250.0,65473482102.0,23478278534.54,17415018042.48,327367410510.0,469565570690.86,1044901082548.5,60106638670.0,0.0,60106638670.0,13670792.0,4250.0,0.0,0.0,6.92,1.56,133893597992.5,0.65,92592262080.67,0.93,12.14,27.25,106.11,110500000000000.0,0.08,34.0,125.0,,4130.0,4250.0,4010.0,0.66,0.57,0.4,3.86,8.9,40.53,0.66,0.57,0.4,0.42,0.18,0.45,3.86,8.9,2.84,-0.14,0.11,0.03,40.53,4.76,2.22,0.77,0.29,2026-08-30,50.9,0,❌ ضعیف (0/8)
فغدیر,4660544.0,24141617920.0,5180.0,2.98,5180.0,2.98,5180.0,2.98,5180.0,2.98,5180.0,2.98,0.0,0.0,1502401294.8,108437187.6,13.86,18648000000.0,132003600000.0,71844946886.65,27646994372.27,660018000000.0,1436898937733.0,1658819662336.2,2985179554880.0,0.0,2985179554880.0,575248577.0,5180.0,0.0,0.0,11.75,3.69,87424052746.95,0.28,43679476968.45,0.55,12.12,34.08,44.69,217560000000000.0,0.01,974.0,5.32,0.75,5030.0,5180.0,4880.0,-0.04,0.69,0.5,2.75,6.11,27.43,-0.04,0.69,0.5,0.41,0.18,0.38,2.75,6.11,1.63,-1.48,0.09,0.05,27.43,4.03,1.81,0.71,0.76,2026-08-30,50.9,0,❌ ضعیف (0/8)
فگستر,1021131.0,9118699830.0,8930.0,3.0,8930.0,3.0,8930.0,3.0,8930.0,3.0,8930.0,3.0,0.0,0.0,1519783305.0,12427791.7,122.29,2494702660.0,70255578090.0,-5826767403.5,15560325368.57,351277890450.0,-116535348070.0,933619522114.0,86492746450.0,0.0,86492746450.0,9233225.0,8930.0,0.0,0.0,2.7,1.19,408264104731.5,0.02,205658598640.4,0.04,11.62,17.65,270.17,31701500000000.0,0.03,1905.0,4.69,1.36,8670.0,8930.0,8410.0,4.9,0.01,0.0,13.26,42.21,2064.47,4.9,0.01,0.0,0.37,0.12,0.53,13.26,42.21,842.28,6.1,0.06,0.01,2064.47,40.69,9.47,1.38,-1.89,2026-08-30,50.9,0,❌ ضعیف (0/8)
فلوله,35406545.0,104934176839.0,2962.0,1.86,2991.0,2.85,2912.0,0.14,2990.0,2.82,2964.0,1.93,0.88,2.71,525548567.45,202486443.1,2.6,51209656632.58,41349146579.0,30573553563.9,15220437280.64,206745732895.0,611471071278.0,913226236838.41,3567993548.0,9648841945.0,-6080848397.0,15730.0,2980.0,2992.0,10000.0,1.39,1.25,110424489290.45,0.95,78351186362.07,1.34,5.43,32.71,93.73,33787000000000.0,0.31,226.0,13.23,0.8,2908.0,2995.0,2821.0,0.15,0.8,0.52,3.86,7.27,37.82,0.15,0.8,0.52,0.39,0.21,0.35,3.86,7.27,1.88,-0.51,0.1,0.04,37.82,4.71,1.88,0.73,0.35,2026-08-30,50.9,0,❌ ضعیف (0/8)
فماک,1145559.0,29065200870.0,25400.0,2.88,25430.0,3.0,24910.0,0.89,25430.0,3.0,25370.0,2.75,0.24,2.09,1362825620.29,569823664.06,2.39,1837622770.55,4683397544.0,15000641375.5,10131304675.47,23416987720.0,300012827510.0,607878280528.34,11289356550.0,0.0,11289356550.0,382270.0,25430.0,0.0,0.0,1.02,1.1,68336376905.0,0.43,43079448802.0,0.67,8.17,70.9,146.21,10299150000000.0,0.28,2086.0,12.19,1.3,24690.0,25430.0,23950.0,1.99,0.76,0.49,6.62,17.62,188.92,1.99,0.76,0.49,0.5,0.19,0.42,6.62,17.62,4.31,3.79,0.13,0.05,188.92,9.61,3.54,1.29,-0.03,2026-08-30,50.9,0,❌ ضعیف (0/8)
فمراد,22108254.0,76296327960.0,3520.0,2.92,3520.0,2.92,3340.0,-2.34,3520.0,2.92,3450.0,0.88,2.03,5.39,347870263.29,277981517.78,1.25,-53235644.71,-32930826.0,931439838.0,502534845.13,-164654130.0,18628796760.0,30152090707.62,506460590.0,5065441920.0,-4558981330.0,1541.0,3460.0,3520.0,1439046.0,1.01,1.16,33319535110.0,2.29,19829748530.62,3.85,5.39,28.84,50.45,7772120516160.0,0.98,-11.0,-320.0,0.3,3420.0,3520.0,3320.0,1.06,0.49,0.34,3.78,10.15,33.93,1.06,0.49,0.34,0.5,0.19,0.49,3.78,10.15,3.85,0.39,0.18,0.06,33.93,3.53,2.36,0.84,0.22,2026-08-30,50.9,0,❌ ضعیف (0/8)
فملی,89381915.0,1835904534100.0,20540.0,2.96,20540.0,2.96,20540.0,2.96,20540.0,2.96,20540.0,2.96,0.0,0.0,1731653661.4,296540498.8,5.84,587606984900.0,231617207902.0,1150490347581.0,575796706688.56,1158086039510.0,23009806951620.0,34547802401313.55,2388810021480.0,236578400.0,2388573443080.0,115545230.0,20540.0,29200.0,8102.0,-1.68,-1.55,9840485596003.5,0.19,10562958280053.5,0.17,10.19,40.68,110.21,2.95776e+16,0.01,1411.0,14.56,6.03,19950.0,20540.0,19360.0,0.21,1.18,0.77,4.51,11.15,52.61,0.21,1.18,0.77,0.49,0.2,0.31,4.51,11.15,1.86,1.64,0.16,0.07,52.61,4.71,2.44,1.18,1.01,2026-08-30,50.9,0,❌ ضعیف (0/8)
فنفت,42382093.0,230591244670.0,5460.0,2.82,5460.0,2.82,5320.0,0.19,5460.0,2.82,5440.0,2.45,0.37,2.63,601902438.13,701440193.32,-1.17,12778879318.89,31089940374.0,19822247474.0,11082918387.31,155449701870.0,396444949480.0,664975103238.37,1672227910.0,0.0,1672227910.0,54000.0,5460.0,0.0,0.0,1.47,1.03,96287074847.5,2.39,61049816555.42,3.78,11.68,42.14,92.9,18564000000000.0,1.24,529.0,10.32,,5310.0,5460.0,5160.0,1.12,0.5,0.33,4.84,9.87,65.13,1.12,0.5,0.33,0.41,0.2,0.45,4.84,9.87,3.92,0.63,0.1,0.04,65.13,6.5,2.22,0.72,-0.33,2026-08-30,50.9,0,❌ ضعیف (0/8)
فنوال,7544638.0,98349912060.0,13330.0,2.85,13330.0,2.85,12750.0,-1.62,13090.0,1.0,13040.0,0.62,0.38,4.55,413018535.78,479516825.28,-1.16,-10650105373.33,10616302908.0,-4482389778.5,-8492747368.84,53081514540.0,-89647795570.0,-509564842130.65,823770240.0,4641816750.0,-3818046510.0,47253.0,13080.0,13100.0,71970.0,-1.05,-1.37,103390299863.5,0.95,115426764939.5,0.85,3.89,23.96,139.71,149842630630000.0,0.07,1597.0,8.2,2.06,12960.0,13340.0,12580.0,1.61,0.98,0.67,7.33,18.75,253.28,1.61,0.98,0.67,0.44,0.17,0.32,7.33,18.75,3.33,4.87,0.1,0.04,253.28,12.98,3.64,1.37,0.29,2026-08-30,50.9,0,❌ ضعیف (0/8)
فنورد,12171641.0,135713797150.0,11150.0,2.95,11150.0,2.95,11150.0,2.95,11150.0,2.95,11150.0,2.95,0.0,0.0,1479107710.0,560554431.0,2.64,90315000000.0,76405108000.0,41246363576.0,29063734161.7,382025540000.0,824927271520.0,1743824049702.08,98636440470.0,0.0,98636440470.0,8776897.0,11150.0,0.0,0.0,3.87,1.14,172195683006.0,0.79,125150879146.37,1.08,12.29,49.06,236.62,70646400000000.0,0.19,1550.0,7.19,0.88,10830.0,11150.0,10510.0,2.03,0.75,0.51,6.28,18.13,208.63,2.03,0.75,0.51,0.53,0.18,0.38,6.28,18.13,4.38,4.21,0.12,0.04,208.63,10.46,3.66,1.38,0.26,2026-08-30,50.9,0,❌ ضعیف (0/8)
فهامون,62339119.0,298598866810.0,4790.0,2.79,4790.0,2.79,4710.0,1.07,4790.0,2.79,4790.0,2.79,0.0,1.7,1351126086.79,40642543.29,33.24,83599816139.24,39788744774.0,8522757488.8,3253589927.34,198943723870.0,170455149776.09,195215395640.25,15031262430.0,0.0,15031262430.0,3104063.0,4790.0,0.0,0.0,14.15,9.86,105357497856.5,2.83,82199599112.38,3.63,10.11,16.26,19.84,16046500000000.0,1.86,596.0,8.04,0.8,4660.0,4790.0,4530.0,-1.53,1.02,0.69,0.51,0.86,2.41,-1.53,1.02,0.69,0.4,0.23,0.29,0.51,0.86,0.2,-5.05,0.19,0.11,2.41,0.52,1.09,0.5,1.25,2026-08-30,50.9,0,❌ ضعیف (0/8)
فوکا,44905602.0,234856298460.0,5230.0,2.95,5230.0,2.95,5230.0,2.95,5230.0,2.95,5230.0,2.95,0.0,0.0,1405539435.7,473287594.8,2.97,179163618380.0,25644020820.0,24342239996.5,9429206359.85,128220104100.0,486844799930.0,565752381590.96,182483760.0,2100524900.0,-1918041140.0,35922.0,5080.0,5230.0,401630.0,1.02,1.26,97990453194.0,2.4,55515558698.98,4.23,7.84,64.54,125.29,124212500000000.0,0.19,817.0,6.4,0.92,5080.0,5230.0,4930.0,1.06,1.09,0.69,5.14,14.85,75.62,1.06,1.09,0.69,0.57,0.2,0.4,5.14,14.85,2.66,3.08,0.23,0.09,75.62,4.69,2.96,1.44,0.97,2026-08-30,50.9,0,❌ ضعیف (0/8)
فولاد,1658402344.0,4604490012429.0,2777.0,2.97,2777.0,2.97,2740.0,1.59,2777.0,2.97,2776.0,2.93,0.04,1.35,1518689320.02,836545583.87,1.82,756912657561.84,-380966282293.8,1931182660315.0,415623388964.43,-1904831411469.0,38623653206300.0,24937403337866.0,524223221139.0,0.0,524223221139.0,180066377.0,2777.0,0.0,0.0,-1.29,-1.26,9328166506109.2,0.49,5435980678255.33,0.85,6.48,11.13,-3.29,5373495000000000.0,0.09,518.0,5.36,1.29,2697.0,2777.0,2617.0,-0.01,0.01,0.01,0.03,0.05,1.96,-0.01,0.01,0.01,0.31,0.2,0.46,0.03,0.05,1.04,-3.65,0.13,0.03,1.96,0.45,1.01,0.09,0.0,2026-08-30,50.9,0,❌ ضعیف (0/8)
فولاژ,125200041.0,736725988180.0,5940.0,2.95,5940.0,2.95,5770.0,0.0,5940.0,2.95,5880.0,1.91,1.02,2.95,1055115312.55,1359693094.59,-1.29,-106483485530.2,20522116490.0,37953734613.0,17992006863.54,102610582450.0,759074692260.0,1079520411812.31,104846806720.0,0.0,104846806720.0,16369008.0,5940.0,0.0,0.0,1.25,1.22,165337097486.0,4.46,117630172598.07,6.26,12.08,37.18,100.84,344520000000000.0,0.21,541.0,10.98,0.73,5770.0,5940.0,5600.0,1.31,0.7,0.47,6.15,13.19,147.75,1.31,0.7,0.47,0.4,0.19,0.41,6.15,13.19,3.56,1.95,0.08,0.02,147.75,11.41,2.77,1.03,0.09,2026-08-30,50.9,0,❌ ضعیف (0/8)
فولای,83831245.0,343912554090.0,4080.0,2.0,4120.0,3.0,4010.0,0.25,4120.0,3.0,4100.0,2.5,0.49,2.74,3016776797.46,783271957.55,3.85,182558527634.95,45632263268.0,20668330000.1,14292445109.63,228161316340.0,413366600002.0,857546706578.08,30427510940.0,0.0,30427510940.0,7054607.0,4120.0,0.0,0.0,1.97,1.15,145733448230.75,2.36,141663139426.7,2.43,10.75,40.47,35.05,13184000000000.0,2.61,393.0,10.48,0.65,4000.0,4120.0,3880.0,-0.82,1.18,0.68,2.01,4.62,10.27,-0.82,1.18,0.68,0.58,0.25,0.4,2.01,4.62,0.99,-1.3,0.25,0.11,10.27,1.5,1.5,1.04,1.88,2026-08-30,50.9,0,❌ ضعیف (0/8)
کاوه,88774891.0,541066440070.0,6100.0,2.87,6100.0,2.87,5950.0,0.34,6100.0,2.87,6090.0,2.7,0.16,2.52,914226108.31,503272432.0,1.82,321950133681.5,145466732722.0,70406532682.0,29229843846.33,727333663610.0,1408130653640.0,1753790630779.57,1474895980.0,17545577540.0,-16070681560.0,153000.0,6090.0,6100.0,2726273.0,1.21,-1.03,415225297595.5,1.3,321622580129.38,1.68,10.71,21.51,31.92,372100000000000.0,0.15,377.0,16.18,0.65,5930.0,6100.0,5760.0,-1.42,1.44,0.8,1.82,3.73,7.63,-1.42,1.44,0.8,0.56,0.27,0.33,1.82,3.73,0.7,-2.05,0.27,0.13,7.63,1.2,1.39,1.03,2.07,2026-08-30,50.9,0,❌ ضعیف (0/8)
کویر,407788493.0,797211298603.0,1950.0,-0.2,1982.0,1.43,1915.0,-2.0,1952.0,-0.1,1955.0,0.05,-0.15,3.5,687938006.76,903018097.48,-1.31,62005642296.31,108367571913.6,63341869969.2,27546896664.29,541837859568.0,1266837399384.0,1652813799857.26,2475067880.0,1407294791.0,1067773089.0,50000.0,1942.0,1953.0,626251.0,-1.01,1.48,212640034597.1,3.75,103241630640.48,7.72,7.49,32.97,63.51,140544000000000.0,0.57,292.0,6.68,0.53,1954.0,2012.0,1896.0,-0.42,1.16,0.68,2.66,6.47,19.56,-0.42,1.16,0.68,0.58,0.24,0.41,2.66,6.47,1.33,-0.34,0.21,0.08,19.56,2.41,1.72,1.02,1.33,2026-08-30,50.9,0,❌ ضعیف (0/8)
کیمیا,22980261.0,126493237380.0,5440.0,1.3,5530.0,2.98,5370.0,0.0,5520.0,2.79,5500.0,2.42,0.36,2.98,666201489.6,411427131.95,1.62,27717006673.83,-5638739060.0,-8300773466.5,3078086725.11,-28193695300.0,-166015469330.0,184685203506.5,1975807700.0,33531860150.0,-31556052450.0,6605.0,5470.0,5520.0,900000.0,1.08,-1.02,152957663189.0,0.83,91151476049.32,1.39,6.36,43.01,213.74,27600000000000.0,0.46,949.0,5.82,1.3,5370.0,5530.0,5210.0,3.23,0.6,0.52,11.2,33.65,829.77,3.23,0.6,0.52,0.38,0.13,0.31,11.2,33.65,7.1,8.19,0.07,0.03,829.77,24.33,7.85,1.48,-0.65,2026-08-30,50.9,0,❌ ضعیف (0/8)
میدکو,858790515.0,6420040608410.0,7590.0,2.99,7590.0,2.99,7160.0,-2.85,7270.0,-1.36,7480.0,1.49,-2.81,6.01,2706480914.5,5218328986.71,-1.93,-1110559180426.53,1840167281108.0,464934504800.0,155830979878.06,9200836405540.0,9298690096000.0,9349858792683.69,9279125600.0,3266606400.0,6012519200.0,30000.0,7260.0,7270.0,130000.0,1.24,1.55,1191922214387.5,5.39,623966506252.67,10.29,4.76,23.22,23.07,2108300000000000.0,0.3,93.0,78.17,,7370.0,7590.0,7150.0,-1.29,1.07,0.64,1.02,1.99,3.83,-1.29,1.07,0.64,0.5,0.26,0.36,1.02,1.99,0.48,-3.29,0.24,0.12,3.83,0.74,1.21,0.74,1.69,2026-08-30,50.9,0,❌ ضعیف (0/8)
هرمز,131531053.0,440533002700.0,3320.0,0.91,3380.0,2.74,3220.0,-2.13,3380.0,2.74,3350.0,1.82,0.9,4.97,1199337261.36,542139527.04,2.21,114607840992.04,116087062836.0,83781626819.69,18400376501.66,580435314180.0,1675632536393.7,1104022590099.7,471824653440.0,256653190.0,471568000250.0,139309178.0,3380.0,3440.0,56555.0,1.07,-1.19,465351789070.0,0.95,361798882442.63,1.22,7.3,-0.29,167.94,471848000000000.0,0.09,435.0,7.77,0.72,3290.0,3380.0,3200.0,3.11,0.42,0.14,4.4,18.59,256.28,3.11,0.42,0.14,0.87,0.21,0.87,4.4,18.59,9.1,2.44,0.14,0.05,256.28,10.51,3.24,1.21,-0.81,2026-08-30,50.9,0,❌ ضعیف (0/8)
وتوکا,60085541.0,209698538090.0,3490.0,2.8,3490.0,2.8,3490.0,2.8,3490.0,2.8,3490.0,2.8,0.0,0.0,1042954461.8,385931633.7,2.7,152809688390.0,294319127496.0,128890235504.1,56442156984.73,1471595637480.0,2577804710082.0,3386529419083.6,922645446080.0,0.0,922645446080.0,264327992.0,3490.0,0.0,0.0,8.07,4.33,180337384391.45,1.16,124787272785.43,1.68,12.29,59.07,75.33,70323500000000.0,0.3,724.0,4.82,,3395.0,3490.0,3300.0,0.01,1.17,0.72,4.04,9.2,44.33,0.01,1.17,0.72,0.49,0.22,0.34,4.04,9.2,1.7,0.89,0.15,0.06,44.33,4.4,2.13,1.22,1.43,2026-08-30,50.9,0,❌ ضعیف (0/8)
وسدید,0.0,0.0,1770.0,-0.56,1770.0,-0.56,1770.0,-0.56,1770.0,-0.56,1780.0,0.0,-0.56,0.0,0.0,0.0,0.0,0.0,34120062230.4,21159857316.9,9441319522.42,170600311152.0,423197146338.0,566479171345.0,0.0,0.0,0.0,0.0,0.0,0.0,0.0,1.34,1.04,143892799179.0,0.0,124983001049.02,0.0,5.36,3.5,27.53,53080841615580.0,0.0,34.0,52.06,,1780.0,1833.0,1727.0,0.24,1.17,0.33,2.45,10.86,29.3,0.24,1.17,0.33,0.91,0.2,0.77,2.45,10.86,1.9,0.69,0.24,0.13,29.3,2.87,2.34,1.29,1.62,2026-08-30,50.9,0,❌ ضعیف (0/8)
